id_str,text,"Related MeToo?
1. Yes
2. No","Stance?
1. Support
2. Against/Critical
3. Question

Blank if uncertain","Harassment Category
A. patronizing
B. unwanted sexual attention
C. predatory
D. not enough context

Blank if uncertain"
919883240730750977,#MeToo #fucktrump #BeTheChange #MondayMotivation #Resist,1,1,D
919856591024766976,"5 in my lifetime. 2 of those from the same bro. 2 of those from my uncles (one of them is dead, and the other in a trailer park somewhere). And last was from a no-longer friend. #MeToo",1,1,C
920360109980770307,I am not afraid to say it anymore. I won't live in fear or shame. I want a better world for my daughters and my sons. #metoo #nomore,1,1,D
920075056427839488,#MeToo,1,1,D
920337661835005953,#metoo #withyou Great list https:// twitter.com/amy_siskind/st atus/920324906956574720 …,1,1,D
919959683871293440,I was 17 and in college when men would regularly grab my butt while travelling in bus. I learnt how to deal with them #metoo,1,1,C
920742410140995585,Please support these Sisters. #MeToo #EverdaySexism I just supported this case! https://www. crowdjustice.com/case/solidarit ynotsilence/?utm_content=post_pledge_page&utm_medium=Twitter&utm_reference=182517d3bd52d21c8b19fef17543e676&utm_source=backer_social&utm_campaign=solidaritynotsilence … via @CrowdJustice,1,1,D
920745640967135232,JJ's #metoo thread -- LOVE YOU BRAVE ONE https:// twitter.com/jjkeebs/status /920698224351969280 …,1,1,D
919890305834291201,This. How we say things matters. #MeToo https:// twitter.com/rosemcgowan/st atus/919814464433561600 …,1,1,D
920044176200404993,No details but yes me too #MeToo,1,1,D
920330173035118592,"If not now, when? Seriously? Do I wait until my daughter is a victim?  #MeToo #StopProtectingPredators",1,1,D
923033397072506884,http:// News24.com | Mandela's granddaughter says #MeToo : 'I was raped in my bedroom' http:// dlvr.it/PxRjNt pic.twitter.com/MGhhu9VdLD,1,1,C
922172832913788929,#MeToo,1,1,D
920921192726454273,Those wanted to be #StarsnPromotions post #metoo !,1,2,D
924825588279402496,#MeToo : Sexual assault inflicts dire economic costs as well by the brilliant @BettingerLopez http:// thehill.com/opinion/financ e/357137-metoo-sexual-assault-inflicts-dire-economic-costs-as-well …,1,1,D
921847883216891905,"Most efficient answer to the boss who wanted to sleep with me after closing: - Thanks, but nothanks, I'd rather sleep with your wife. #metoo",1,1,C
920257609818689537,#MeToo makes me uncomfortable because women shouldn’t have to relive this crap while abusers don’t think twice about what they’ve done. https:// twitter.com/dbrennan577/st atus/919769791388438528 …,1,2, 
919879080790683648,"I don't think I know a single woman who hasn't experienced some degree of harassment, at the least. #MeToo",1,1,D
919826370359975936,#MeToo,1,1,D
919867257286782976,"God I hate James Corden, hope he goes bankrupt and has to move back in with his mam and dad #MeToo",1,1,D
920282339888062464,Liberalism is a mental disorder. They’re applauding #eminem who is a disgusting misogynist who raps rape. Hypocrites one and all. #metoo pic.twitter.com/cXnYoEcZv0,1,2,D
920101792523915271,#MeToo for all the girls who hid their face so he wouldn't see you crying while he touched you. for us who couldn't say no.,1,1,C
919869180077330432,The sad truth is I don't think I've met any women or girls who've never experienced sexual harassment or assault on any level #MeToo,1,1, 
920016516929556480,#MeToo Secret violations from people I trusted. Fear that threats of burning my hair off or death would become real if I told...,1,1,C
920054692247494659,"voguemagazine: Yesterday evening, Alyssa_Milano called for survivors to tweet #MeToo . Tens of thousands responded. http:// vogue.cm/arndozE",1,,D
919983668998889474,Men: Respond to #MeToo With #IWill http:// ift.tt/2gKB7I3,,,
922497124184576001,"Pre-adolescent, high school, and my first job.. @Alyssa_Milano #metoo",1,1,C
920931636757303296,The latest Funding Journalism! https:// paper.li/journalism_fun d/1362616594?edition_id=982ed180-b4a8-11e7-8c18-0cc47a0d164b … #metoo #neutronstarcollision,,,
920379851999084544,may not have realized it.. #metoo is for people who have been forced to have unwanted sex. clearly not your situation,1,,
921085058718556160,I would love that to happen... but it’s like saying #WorldPeace “we won’t stop until it happens” I’m just not seeing #MeToo actually...,1,,
919991529040625664,I love you. You are never alone. #metoo,1,1,D
920053135208525824,Okay but let’s also not forget about the men who’ve been sexually harassed and assaulted. They matter too. #MeToo,1,1,D
919965719634178050,#metoo,1,1,D
919975616279179265,#MeToo,1,1,D
920697400146227200,#MeToo,1,1,D
919945448869302272,#METOO,1,1,D
920635927768186881,Do you not understand what the #MeToo hashtag even means?,1,3,
919979250865893376,molested as a child. raped as an adult. neither were strangers. victim blamed and feelings invalidated. but im better than ever #MeToo,1,1,C
919958066866483201,#MeToo Was a lifeguard at 18. Two men made lewd gestures toward me & another guard in front of several kids. My intro to life as a woman.,1,1,C
920681817904164864,Appending a #metoo to this. Happened in either 1999 or 2000. MTV fired him not long after for unrelated (afaik) messy behavior.,,,
922480361426374656,#MeToo pic.twitter.com/yMCZ5EC0wT,1,1,D
919970706858893313,... #MeToo,1,1,D
924372008262963200,Wow I love #MeToo today yup ok,1,1,D
919919437309972480,#metoo,1,1,D
920369689921953792,#metoo pic.twitter.com/IHf0RTdfYg,1,1,D
919941297191948290,#MeToo,1,1,D
920069558664298497,"If you aren't ready to say #MeToo , but would like to talk to someone, you can call our hotline, 24/7.... http:// fb.me/92EB4Z9IR",1,1,D
922182901046722561,Speak up and speak out! #neverstop #metoo ... http:// fb.me/6yAYGSTUf,1,1,D
919899803299041280,#metoo,1,1,D
920659430521290752,#MeToo,1,1,D
920125620650160129,#MeToo because the one who is supposed to make you feel the safest and most loved should never have any other effect on you,1,1,
920314003041280001,"Far too many women feel guilty, ashamed, embarrassed, or all of the above and hide their stories. #MeToo",1,1,D
920115661568802817,#MeToo,1,1,D
920064697570938881,When you gotta put men right in the bin #MeToo pic.twitter.com/TbqcjBD72y,1,1,D
919986311032950786,Wondering what the Facebook algorthim will do with #MeToo posters in terms of ads / content / what they see. cc: @mathewi,1,3,
921930008821665792,"Only Nina, can take a comment on a TV show and make it part of a movement #MeToo - I salute you!",1,1,D
920080524596666368,"Retweeted Miss Shannon ( @shazbow16 ): #MeToo You don’t understand the pain you’ve left me,it still haunts me... http:// fb.me/yJWiS4LF",1,1,D
921288139402088448,"#MeToo #NationalOrganizationforWomen @nytimes @SPFrauen Yes, This Is a Witch Hunt. I’m a Witch and I’m Hunting You. https:// mobile.nytimes.com/2017/10/17/opi nion/columnists/weinstein-harassment-witchunt.html?referer=http%3A%2F%2Fm.facebook.com%2F …",1,1,D
920712018189062150,#MeToo #IDidThat #IWouldntEven https:// youtu.be/27e3nUbRLF8 via @YouTube #IWouldntEven,1,1,D
920725781726277632,"You are so right, Kon. #MeToo",1,1,D
919974830979477509,#MeToo,1,1,D
920829106026983424,#MeToo,1,1,D
924073532912553985,This doesn’t un-do the #metoo thing. Plenty to be said on that. But men are also kind when you find yourself needing help.,1,1,D
920269440742232065,#metoo,1,1,D
919872332524552192," #MeToo Floods Social Media With Stories of Harassment and Assault"" by ANNA CODREA-RADO via NYT http:// ift.tt/2ysLwSf""",1,,
922356296334106624,#MeToo,1,1,D
923271596604841988,Thank you to everyone who reached out to me about this tweet. I don't plan on outing him at the moment. I wish I'd reported him then. #MeToo https:// twitter.com/heelsonthefiel d/status/921873533378203648 …,1,1,D
921751247723655168,"Not too far underneath the surface it becomes obvious the #MeToo campaign is about vilifying men for being men, not for being abusive men.",1,2,D
921087088874926085,People Are Blaming Facebook for Possibly Keeping #MeToo Posts From Men's Feeds - http:// klou.tt/11i64zjvr6mq5,1,,
920011223969685504,Watching all the #metoo tags appear. Men should be ashamed. pic.twitter.com/Bq0b1GPD5e,1,1,D
922156963852627968,The woman behind ‘Me Too’ knew the power of the phrase when she created it — 10 years ago http:// a.msn.com/01/en-us/AAtIJ PQ?ocid=st … @TaranaBurke #MeToo,1,1,D
920069441832083461,#MeToo,1,1,D
920707920697978881,I was so young when it happened to me and the guy who did it to me was 17yrs old #MeToo #ImNotAVictimImASurvivor pic.twitter.com/Fjm2fLwiZX,1,1,D
921219910730006528,"#Metoo ,Ms. Curry.",1,1,D
920095824423653376,#MeToo pic.twitter.com/XBF3FJOQCS,1,1,D
920390866073739265,"#MeToo about 35 years ago and it still has an affect in my current life. Partnership, friendship. What borders do I have?",1,1,D
919892335223279616,#metoo no girl should have her innocence taken from her at 11 like it happened to me.,1,1,D
923226992807415811,Why Didn’t She Speak Up? My Story.: http:// womenyoushouldknow.net/didnt-speak-st ory/ … - via: @WomenYSK #MeToo,1,1,D
920280300478803968,"#MeToo supported by local sexual violence advocacy groups, which push for more action http:// fb.me/zeUwXsq2",1,1,D
920960508626395136,Tarana Burke started the #Metoo movement 10 years ago. Thank her for giving you a voice. Alyssa has already stated it wasn’t her,1,1,D
919954395894308864,#MeToo,1,1,D
920125160438550528,#MeToo https:// twitter.com/alyssa_milano/ status/919659438700670976 …,1,1,D
9.19919E+17,Yup. #metoo,1,1,D
920663004752080896,The latest Christian Trends! https:// paper.li/luismartinezbr o/1384282170?edition_id=798fe060-b413-11e7-8c18-0cc47a0d164b … #metoo #evangelism,1,,
920401376835964928,#metoo ::: Too many times to mention. For decades. And I don’t know another woman who can’t say… https://www. instagram.com/p/BaXT8buBgjC/,1,1,D
920179325609136129,The #MeToo hashtag was used in an enormous number of #tweets http:// on.mash.to/2x1OOs5 pic.twitter.com/HENEZicD4n,1,,
920121434889965574,#itendswithus #stepupforwomen #metoo #guys #stopsexualassault #stopsexualviolence #nomeansno … https://www. instagram.com/p/BaVUpPqn4Gt/,1,1,D
920669712173936640,#MeToo,1,1,D
922227486015889408,ICYMI: @jillreports spoke to Authour Lauren McKeon about the #MeToo Campaign: https:// omny.fm/shows/cknw/und erstanding-the-metoo-campaign …,1,,
919833421731581952,"#MeToo Happened when I was 16. Was cycling home, when someone asked for the way to the train station. Man groped me.",1,1,C
920365813659398144,#metoo,1,1,D
920928306739994624,#MeToo https:// twitter.com/Hanny_Lynch/st atus/920698546395009026 …,1,1,D
920312331644669953,#metoo,1,1,D
924968851187666944,"I apologize in advance for crowding your feed, but it's important to speak up. Fighting the good fight for #RoseArmy @AsiaArgento #metoo",1,1,D
920170206957207552,"so upsetting seeing women from all walks of life - cousins, aunties, school friends - using #MeToo know you're not alone & we're here for u",1,1,D
919824643321561088,#MeToo,1,1,D
919981938227666944,What a disgusting excuse of a human being. #MeToo https:// twitter.com/TracieFain/sta tus/919972865847545856 …,1,1,D
921677670697627648,"Inspired by #MeToo , I talked to a sexist I actually love http:// ift.tt/2gyYqYn",1,,
919995721629208579,#MeToo pic.twitter.com/2VxuGF2R5G,1,1,D
920203425874370561,Same here. Lots of tears. Confused. Shaken 2 my core. PTSD back fully. Completely lost. Not myself. #bedridden . New counselor Wed #metoo,1,,
925037572144984065,"A major shift has taken place this year."" Blogger @preeshakya on the mass power of the #MeToo movement. http:// bit.ly/2gOZS5v""",,,
922130479381282817,Standing with the victims against abusers. #metoo #arrestabusers #namethemshamethem,1,1,D
924392692129210369,We’re going through a seminal cultural moment with respect to #sexualharassment . This shift is so important & so overdue #ImIn ( to #MeToo ),1,1,D
920051710512500738,"TW!!! #metoo is goin to be full of triggers, reader be wary and be kind to yourself and others!!! know that u don’t have to stay silent!!!",1,1,D
920030490140205061,#MeToo,1,1,D
920314588779855873,#metoo https:// twitter.com/lialovelifefae /status/920274798323949568 …,1,1,D
921319603762065408,How do you allow Francesca Ramsey a Well Documented Biased Racist to have A channel on @YouTube and @MTVNews @chescaleigh #Metoo,,,
924704294766444544,#MeToo,1,1,D
920366205604679680,oh btw #MeToo,1,1,D
921153182029541377,then there is A. MILANO/Soros group #MeToo who protect BILL https:// twitter.com/atensnut/statu s/684822324227379200 …,,,
919822669121507328,Same #MeToo,1,1,D
919982064082046976,I was sexually assaulted in my first year of college by a guy I was friends with. He never realized. #MeToo @Alyssa_Milano @rosemcgowan,1,1,
924861535859761153,pic.twitter.com/THBqULmVvU,2,,
921036167264342016,"#MeToo You have to speak up, especially if people are giving you issues for having an issue. pic.twitter.com/CEwJUuf19Q",1,1,D
920095197832404992,"no"" means..... NO #metoo""",1,1,D
920964030549975040,It doesn’t have to be “bad enough” for it to count' #MeToo https:// totalsororitymove.com/literally-why- cant-i-say-metoo/ …,1,1,D
921499324231626754,The latest Willie World News! https:// paper.li/WillieJFS/1391 641943?edition_id=b7c8e710-b5e3-11e7-8999-0cc47a0d1609 … #metoo #halloween,2,,
920070161205522433,After #MeToo : 5 ways men can help end sexual assault http:// on.mash.to/2yut5MQ,1,1,
921097210086985728,#day17 of the #writeaday challenge. #metoo is such a beautiful truth to watch spread over the… https://www. instagram.com/p/BacQX0ng9Vj/,1,1,D
922394668129587200,Did you know that women walk less than men for fear of harassment? #metoo http:// bit.ly/2gT21gS,1,1,D
919966133117177856,#metoo,1,1,D
920031886751207427,#MeToo,1,1,D
920179618790936576,#metoo,1,1,D
920359497796857857,#MeToo https:// twitter.com/Alyssa_Milano/ status/919659438700670976 …,1,1,D
921131576313942016,#metoo,1,1,D
924043319767945216,He was the originator of the #MeToo campaign,1,,
924653950162362370,#metoo,1,1,D
919902838901428224,#MeToo https:// twitter.com/guardian/statu s/919874289997893634 …,1,1,
924328431822573568,#metoo,1,1,D
921800753601159168,"No Casting Couch for Low-Wage Women, but Lots of Sexual Harassment http://www. truth-out.org/news/item/4232 7-no-casting-couch-for-low-wage-women-but-lots-of-sexual-harassment … #metoo",1,1,D
920357905903308801,Even if it was my partner at that time... #metoo,1,1,D
920290709315481600,#MeToo,1,1,D
921554426195623936,So this happened... #HillaryForPrison #HarveyWeinstein #MeToo #liberalism #sickofyou @HillaryClinton pic.twitter.com/XQ1bx9Lc0l,1,2,
919994646729822209,#metoo too many times but no more.,1,1,D
920368080064262145,breaks my heart and also makes me so fucking angry for all the women speaking out with #metoo. No human being should have to deal with that,1,1,D
920080064598937600,#MeToo #MeToo #MeToo #MeToo #MeToo #MeToo #MeToo #MeToo There is a hashtag for each significant instance. This is by no means complete.,1,1,D
920271256557113344,12 million women told their story of sexual assault with #MeToo . Now a new hashtag asks men to take responsibility http://www. independent.co.uk/news/world/wom en-me-too-hashtag-twitter-sexual-harassment-stories-trending-him-though-men-responsibility-a8004806.html …,1,,
920356786179334144,The fact that you think sexual assault/ harassment is *flirting* is part of the problem! #NomeansNO #metoo,1,1,B
919923475078434818,#MeToo,1,1,D
919918144885489664,"I can’t speak for others, but as a father of 2 girls, I am ashamed to be a man in a world where #MeToo is still so prevalent.",1,1,D
922073283490664448,The latest yogis on bikes in la-la land! https:// paper.li/ayogist?editio n_id=54998dd0-b722-11e7-adba-002590a5ba2d … Thanks to @militantangleno @AudreyBilger #travel #metoo,1,,
919918610906255365,#MeToo Never have i been treated with so much disdain and lack of respect due to my sex than in the past 3 years working in a record store,1,1,D
919908407393394688,You know the Conservatives are probably gonna create some dumbass hashtag to undermine the MeToo tag. And I just... Sigh,1,,
920438089176281089,So much love from the #MeToo movement,1,1,D
920230405994934272,I was sexually assaulted when I was younger too... https://www. instagram.com/p/BaWF91CgcW0/ ?taken-by=catrionacristo … #MeToo pic.twitter.com/I1IVkNeITM,1,1,C
923337480975216640,Omg metoo !!! They keep calling my mom but I’m scared lol,1,1,D
919827562821537792,#MeToo,1,1,D
920038906485268485,Sad to read all those #MeToo tweets. #solidarity,1,1,D
919834612850937857,#metoo,1,1,D
920755232644222977,The Problem with #MeToo and Viral Outrage | Backchannel - Wired - http://www. streeteye.com/t/anRD,,,
920100206800195589,Trending: Bill O'Reilly politicizes his corgi; Women share assault experiences with #MeToo https://t.co/zG3fv0eZ5b,,,
920034167097843714,Me too. Adding to the sea of voices cuz apparently we have to divulge our painful memories for ppl to believe this shit is rampant #MeToo,1,1,D
920148488108826624,#METOO In solidarity with all the women who have experienced harassment or assault. Us too.,1,1,D
920124570807308288,"Wrote #MeToo post, deleted it, wrote another, deleted it. I believe you. You're not alone. Things need to change. Men need to help.",1,1,D
920019315428126722,Jessica Capshaw joins the #MeToo movement pic.twitter.com/YXNqsQJwn9,1,,
920436550151933954,"“Sleep in my bed I’ll take the floor” “You’re cold, let me in with you” “forget your boyfriend” “Come on I could make you so happy” #MeToo",1,,
922955279939133445,My friend made this short film #weAR & is dedicating it to men & women who feel silenced & shamed #MeToo https:// m.youtube.com/watch?v=7pt0Dh 9xt7w&feature=youtu.be …,1,,
920078845524393985,Once when my mother was a child. Twice when I was a child. We can’t stay silent. We must face this. #MeToo pic.twitter.com/G8VoVIrz0b,1,1,D
920130557979148288,"Trending on Twitter? Sad that it's happened to so many. Sadly, too, that I'm one of them. #metoo #metoomen",1,1,D
920383865645965313,For all of those who have said #metoo this is for you https:// twitter.com/hannahfoster_y t/status/920382508562235392 …,1,,
921232110710530050,#Israel #Times of Israel #TOF #NEWS broadast by #EMET_NEWS_PRESS : Israeli women having been saying #MeToo for y... http:// ow.ly/axMJ50eI77e,1,1,D
923695645801701377,#MeToo let's retweet the hell out of this! https:// twitter.com/SocialPowerOne 1/status/923408408623099907 …,1,1,D
920099283264716800,#MeToo,1,1,D
920889129038176256,#Metoo #MonicaLewinsky @realDonaldTrump #Jaketapper #DemocraticValues @NTarnopolsky (medicated) @dorbar @zlando @Anutfish @TeachESL https:// twitter.com/NewtTrump/stat us/920068162057637888 …,1,,
920070233280450560,#metoo,1,1,D
919922588263923712,I don't think it diminishes #metoo to acknowledge male victims of abuse as long as the focus is on the women who disproportionately suffer https:// twitter.com/michaeljmaddux /status/919777114261356544 …,1,1,D
920096944600616965,#MeToo,1,1,D
919828328114044928,"First time in literally decades I've typed out what happened to me in 5th grade. No one told me to feel shame, it just happens. @realdonaldtrump humiliates his victims & gets elected, Cosby drugs his & gets hung jury, Weinstein gets rich. Has to start somewhere. #MeToo #NotSilent",1,1,D
920007645360205824,"Me, too. #metoo",1,1,D
920056511015120896,Thank God nothing has been so bad. There’s only one that still freaks me out but I was lucky to have bosses who believed me #MeToo,1,,
921262424837128192,Are you part of the #MeToo movement too? http://www. deccanherald.com/content/638466 /from-metoo-we-too.html …,1,,
922290249534808064,cuz there's nothing more dramatic than violence against women. Come on. it's bad enough romanticizing rape culture en los bailes. #metoo,1,,
920635118624092161,#MeToo & that’s all I’ll say about that.,1,1,D
924863527491321856,I'm curious are all of the #MeToo people going to run to his defense or they going to chastise him for his comments about drunk child rape?,,,
920642012503666688,"So even though I can say #metoo , it hit home even more yesterday during a conversation with 2 middle school aged neighbors 1/2",1,1,
920411351540842496,give credit where credit is due! A Black Woman Created the #MeToo Campaign Against Sexual Assault 10 Years Ago http://www. ebony.com/news-views/bla ck-woman-me-too-movement-tarana-burke-alyssa-milano#.WeZ_UhnzEbc.twitter …,,,
920260404655337473,I'm sharing the #metoo for not us who have survived and may be even given back but for generations to come.,1,1,D
920895465230516224,#metoo 2 - 5 & 13,1,1,C
924796258467942400,You tell boys feelings are queer and then you wonder why they grow up just to be about domination and abusing power #MeToo pic.twitter.com/Fa013n0eV7,,,
920396281717149696,It’s hard for people to openly talk about but just because nothing gets said doesn’t mean it doesn’t happen #MeToo,1,1,D
920550175189250049,#photography is my passion #MeToo,1,1,D
920343148819136512,Screw Weinstein Mansplaining. Listen instead to those battling harassment as the price of a paycheck. It is their time for airtime. #MeToo https:// twitter.com/TwitterMoments /status/919569055241134080 …,,,
919984352385273856,"to be clear, does this #MeToo stuff include wolf whistling builders etc or we talking actual physical attacks?",,,
919965661874544640,#MeToo,1,1,D
920414223053869062,"Thank you @mariska , @TheJHF @hillaryclinton. It took me 20+ years.  #MeToo #IBelieveYou #ItsNotYourFault… https://t.co/aoqpGg9L8i",1,1,D
920858452347576322,"Just have to say, this applies to #MeToo - Although it hurts to see such staggering numbers, there is comfort in not being alone.",1,1,D
919904898493370368,#MeToo .,1,1,D
920068164309999617,#MeToo,1,1,D
919976434806022152,I shouldn’t have to wonder whether I will be believed because I had a drink #MeToo,1,1,D
920371993865871365,"Yes #metoo in secondary school, verbally harassed by a fellow pupil. He left after O-levels, thank God. The effects have never fully gone.",1,1,
919907573926629376,#MeToo,1,1,D
920132214217723904,"At this point, I've seen more people tweet/post Me too"" than not. Myself included. And that is a fucking problem. #MeToo""",1,1,D
919939861888618496,"If your seeing the MeToo hashtag appearing a lot on your TL and you don’t feel something, I don’t know what to tell you.",1,,
920125091215822848,"#MeToo I am not here for your consumption. I am not here to look pretty for you, I'm not here for you to touch. I'm here for me and me only.",1,1,D
923452739161505792,Only you and your ilk will take seriously this corrupt cretin who abused his position by denigrating my sathyagraha Vs corruption. #MeToo pic.twitter.com/iOFEmGZx2n,1,1,D
922318536340418560,The worst thing about #MeToo isn't the pain or even the occasional terror; it's the feeling of powerlessness,1,1,D
919983850910109696,"It's ok if you don't tell what happened, it's hard to put it into words, can make it more real & painful IMHO. I send hugs anyway #metoo",1,1,D
920105206293106688,I think this be an appropriate time for a guy to tweet #MeToo !!!,1,,
921510893849944064,I felt so ashamed when I understand what has happen. I thought it was my fault bc I never said anything. It's NOT #MeToo pic.twitter.com/YnTSZaU9XD,1,1,D
920077234060365824,"Retweeted CBC Toronto ( @CBCToronto ): Torontonians add their tweets to #Metoo , raising thorny issues concerning... http:// fb.me/96LUXtOWV",1,,
920034657231687680,#MeToo,1,1,D
924978061363343362,Is any woman out there really surprised? Don’t think I’ve ever had a job where it didn’t come into play. #metoo https://www. nbcnews.com/politics/first -read/nbc-wsj-poll-nearly-half-working-women-say-they-ve-n815376 …,1,1,D
922500197439164417,#metoo,1,1,D
920625653829046272,#MeToo campaign needs men to step forward and say #IBelieveYou https://t.co/6pjRSVC1Ab https://t.co/zwF3SEMrCb,1,1,D
920337290819379200,"Uncle Joe, y’all https:// instagram.com/p/BaRn5bYAGw-/ @JoeBiden #MeToo #JoeBiden #TuesdayThoughts",1,2,
920059469878431744,"In my life time, I have come across way to many nasty motherfuckers. I will teach my son to never be like them #metoo",1,1,D
919994980449611776,#MeToo I'd be surprised if there's a woman alive who can't say this,1,1,D
920024955323949056,#MeToo pic.twitter.com/O6mYyxfbhT,1,1,D
919948288966713344,Witch Hunt is code for women organizing. I am fine with WitchHunt in this context. #MeToo,1,1,D
920359870750130176,It is hell painful to hide tears at times. More over sometimes unfortunately you don't get a place to cry your heart out. #MeToo,1,1,D
920037431822262273,This is why #metoo is breaking the internet...this culture...and he’s our president ? Motherfuckers please #ImpeachTrump https:// twitter.com/nowthisnews/st atus/919647323461787648 …,1,1,
920388388045426689,#metoo,1,1,D
921029610636156937,Watch Alyssa Milano on GMA- she shared her powerful voice with and for all of us . Thank you Alyssa #MeToo http:// abcnews.go.com/Entertainment/ alyssa-milano-metoo-campaign-vocal-stops/story?id=50582023 …,1,1,D
921122582362910720,#metoo,1,1,D
921061903018885120,#meToo,1,1,D
919969564204683264,Not fighting back doesn’t mean “yes”. It means you’re in shock or too drugged/drunk or dissociated or passed out... #metoo https:// twitter.com/evanrachelwood /status/919773308261867522 …,1,1,C
920320324146667520,"Kids posting about #MeToo so casually without knowing how gruesome sexual harassment is, makes this big campaign a very normal thing.",1,,
923017154777272320,"After the Harvey Weinstein Scandal, Women at U.S. Statehouses Are Saying #MeToo "" http:// ift.tt/2gBGsAZ #Time""",1,,
923906647164096513,#MeToo I've had to learn to speak up & express myself! Its liberating! I don't care what others opinion of me are! It doesn't matter!,1,1,D
923238561243164672,Metoo,1,1,D
920287426454495233,#MeToo,1,1,D
920073041043972096,#MeToo,1,1,D
921139582091096065,Happens too often & in too many places Lucy. Hope this all is leading to change for future. Lost count #MeToo,1,1,D
920373555711414272,#metoo At the first time of actual assault I was 11. In the neighborhood garden where I played after school. Other girls had encountered th… pic.twitter.com/vs91dcIdM5,1,1,C
922760766565912577,May this monster and his wrinkly dick burn in hell. #MeToo https:// twitter.com/IndieWire/stat us/922757057668894720 …,1,1,D
924587385702289408,So this behaviour is acceptable to you? And Jared? Harvey H? Kinnock? Tovak? Crabb? Trump? Affleck?Garnier? Danczuk? et al?,,,
920270509870338048,#MeToo brings Dallas stories of sexual assault to social media - Dallas News http:// ift.tt/2yukHMX,1,1,D
919950617879068673,Or the time I woke up to a friend assaulting me when I was drunk but never said anything because he made me think it was my fault? #MeToo,1,1,B
919860553559842821,"You know what's great about #MeToo ? I see business women and soccer moms alike not ashamed and not silent any longer. And yes, #MeToo , at 9.",1,1,C
919936849812090882,#MeToo,1,1,D
919937476978008067,#MeToo pic.twitter.com/W1l3gUGUfK,1,1,D
920746409460150272,I could go on but I'm gonna keep it as short as possible. I just wanted to add my #intersex experience to the #metoo thread...,1,1,D
923366623926419456,I think what I wish with my #metoo story is believe your children. I told my parents that a man was paying me a lot of attention and ...,1,1,C
921365155396706304,You know your country is amazing and totally not sexist when a politician is claiming that the #metoo trend is a complete lie !!:),1,,
919986615048654853,#MeToo,1,1,D
920050482521001984,#MeToo http:// fb.me/Dujy4CJ0,1,1,D
921268168139534336,#MeToo is a turning point for men to acknowledge steps they can take to help those who've suffered abuse/harassment. http://www. nzherald.co.nz/nz/news/articl e.cfm?c_id=1&objectid=11934470 …,1,1,
920691402387976194,#MeToo but in the sense that I did not like the old ghostbusters but I do like the new ghostbusters,,,
920022665779277829,#MeToo,1,1,D
919835173738262530,"#MeToo (couldn't let us have this one for 24 hours, could you?)",1,1,D
921165013959790597,"#metoo I’m here, it happened and learning to heal is what I’m doing next.",1,1,D
923363722193711104,The latest The Shubhankar Mazumdar Daily! https:// paper.li/ishubho/142226 7034?edition_id=aad23f70-b9ee-11e7-adba-002590a5ba2d … #metoo #toiwriteindia,,,
919835444262686720,#MeToo https:// twitter.com/annapaquin/sta tus/919661075150159872 …,1,1,D
921149791102480385,#metoo,1,1,D
920832744241762304,#MeToo https:// twitter.com/TIME/status/92 0831993474113536 …,1,1,D
920794377617752064,#MeToo,1,1,D
920661947560763392,Latest incident breasts grabbed from behind at a concert. Man laughed at me when I spun around and hit! #MeToo thank you @Alyssa_Milano,1,1,C
919817771218739201,#MeToo,1,1,D
919904859662508037,#MeToo so so important ! https:// twitter.com/womensmarch/st atus/919705604075216896 …,1,1,D
9.20898E+17,"I have a gay male friend that posted a #MeToo , made me want to cry!",1,1,D
920164198427934720,"I want to post #MeToo , but I feel like my stories aren't as bad as others & I've kind of erased those memories for the most part.",1,1,D
920114898285326337,#metoo,1,1,D
920218071654191104,#Metoo https://www. theatlantic.com/entertainment/ archive/2017/10/the-movement-of-metoo/542979/?utm_source=atltw …,1,1,D
920155202837196800,#metoo #nomore https:// twitter.com/JensenAckles/s tatus/920149248880009217 …,1,1,D
919830146630033408,I would say first start treating women as fellow human beings instead of mother sister daughter and justifying your respect. #MeToo,1,1,D
920960066991415296,#METOO,1,1,
920650866583113729,I watched on a woman on my #FB page decry #metoo as victimhood. When I was claiming publicly how I had been a victimizer.,,,
920051673619247104,#MeToo me too by many girls.,,,
920753870397149184,#MeToo made the scale of sexual abuse go viral. But is it asking too much of survivors? http:// wapo.st/2x0ZsiT?tid=ss _tw&utm_term=.70ecda3fbcf3 …,1,1,D
920429689923096578,"I entered a giveaway for a chance to win  #MeToo with Me Too Hand Sign T-Shirt on Amazon. https:// giveaway.amazon.com/p/bb4fbbd41a71 d3c9/?ref_=tsm_4_tw_p_tw … #giveaway""",1,3,
921722340228165632,Male silence after #MeToo is teaching algorithms what being a man means http:// ift.tt/2zqcgA2 #BigData,1,1,
920078307705655296,3. Why I'm using hearts to respond on facebook to #MeToo . I'm sending love. As much as I can.,1,1,D
921197271865114624,"Maybe I'm late to the party but I've been debating posting about it. Sad thing is, it can be someone you were/are extremely close to. #metoo",1,1,D
921447646593716226,#MeToo,1,1,D
924386133391429632,"I no it won’t be, but wouldn’t it be fun if it was Ivanka? pic.twitter.com/rYDlY6ZMBE",,,
919902787843928064,#MeToo,1,1,D
920136088232001536,Being Quiet Is What Got Us Here – Moxye #metoo #HarveyWeinstein http://www. mediamoxye.com/being-quiet-is -what-got-us-here/ …,1,1,D
920741281017532418,I'm so brave & coming forward about knowing someone who murdered a child.......but I'm not going to tell you who it is. #MeToo,1,1,C
919912615073038336,#MeToo,1,1,D
920329730834026496,"To the brave womyn choosing to say #metoo , I admire you and stand by your side. To those who choose silence,... http:// fb.me/9c0VMzwqD",1,1,D
919888703023181824,"#MeToo tag showing men how sexual harassment & violence are the norm, not the exception, in the daily lives of women. #OurProblem #StepUp",1,1,D
921735305719353345,#MeToo,1,1,D
920113020268830720,#MeToo,1,1,D
919944375819558912,#metoo and the guy KEEPS getting in trouble for how he talks to women. But...still has a job.,1,1,B
920331650688577536,Showgirls on @westjet homepage feels a bit out of touch as #MeToo peaks on social media,,,
920139969917800449,#metoo,1,1,D
919963232994959361,The first time I told my mom she called me a liar #MeToo,1,1,C
919918813193359360,#MeToo I was 11 years old only then!!,1,1,C
920040073948667905,#MeToo pic.twitter.com/pmAOtjottj,1,1,D
923531171979345921,"People need to be afraid ... of not doing anything when someone around them does it"" @sherylsandberg #MeToo #WeSaidEnough https:// twitter.com/jesskcoleman/s tatus/923410476188487680 …""",1,1,D
923331888206327808,#MeToo,1,1,D
920152176156065793,#metoo,1,1,D
919917712092037120,Me too. #MeToo,1,1,D
921850361660497921,#MeToo : Why isn't your boss talking about sexual harassment? — Quartz at Work https:// work.qz.com/1108510/metoo- why-isnt-your-boss-talking-about-sexual-harassment/?ref=hvper.com …,,,
920061987282878464,#MeToo,1,1,D
920304303964745728,I said no. He said i was his girlfriend and he loved me. I still said no. #metoo,1,1,B
920758786188562432,Gonna leave this right here #metoo pic.twitter.com/ygryNtfKDx,1,1,D
920024893852405761,#MeToo Not going into it. But not alone.,1,1,D
924288877405392896,#MeToo,1,1,D
919842979984023552,I still remember when my cousin who is at that time 16 came up to me and said that she was sexual harassed. She was underage. #MeToo,1,1,C
920148892578140162,#metoo,1,1,D
921162829486546946,"If my group had 3 women posting metoo , should I assume my boss did that? Or just because they post me2 and I would have to think allmen bad",1,3,
920042636320260096,#MeToo,1,1,D
919974934566367232,It's everyone's responsibility to create a culture of consent. #metoo pic.twitter.com/7D9tdoIaUD,1,1,
921202915540312064,#MeToo in 80s I was raped by fellow student. In years since I was continually harassed at jobs. TY for speaking up! It's time to end this,1,1,C
921600624021553152,"MST, PTSD.. it happens in and out of the military. Still can’t trust men. Took me 40 years to tell. Did learn it’s not my fault. #MeToo",1,1, 
921401197562544128,#metoo what's more to say. Many things when I was younger were considered acceptable if you weren't actually raped,1,1,C
920287927862792192,#MeToo pic.twitter.com/BZXk4VxuG2,1,1,D
919987387761090561,"i love women-prob more than the avg. straight man. but I never have the desire to cat call, follow, or make them uncomfortable with my advances. if you can't learn how to flirt or show your interest without scaring a woman and/or getting angry at her refusal, don't do it #metoo",1,1,
920699237460975616,This MeToo campaign got me so down. I'm with every woman who's ever went through something as horrific as assault.,1,1,D
920702723569455104,#metoo https:// twitter.com/PrisonPlanet/s tatus/920682352782839810 …,1,1,D
920146721296076800,PS #metoo,1,1,D
920538245913546753,#MeToo https://t.co/YrlFgQZHWw,1,1,D
920420534915092482,"#MeToo Almost didn't post as a day late for the effort, then remembered I'm years late...",1,1,D
922489642972192768,#metoo has brought out imp conversations & also the pitfalls of feminism and sexual ethics. Here's one by @zarafaris https:// zarafaris.com/2013/04/09/fem inists-and-sexual-harassment/ …,1,1,
922303871778779136,#Kifferlebuzz RT https:// twitter.com/JasonSouru/sta tus/922281241184960514 … #metoo #TPMP,1,1,
920129471935631360,#MeToo https:// twitter.com/alyssa_milano/ status/919665538393083904 …,1,1,
921093684879339521,#MeToo No one to tell & or help me ... the force involved gave me a bloody lip afterwards. It’s an unfortunate image I can never erase.,1,1,C
920270369143099392,#metoo,1,1,D
921647161955139585,Reality of #MeToo in India . My head hangs in shame #IamThatWoman @MinistryWCD @PMOIndia @KolkataPolice @ShefVaidya @SirJadeja https:// twitter.com/DeepikaBhardwa j/status/921632368112406528 …,1,1,D
920664467582566400,It is never okay to silence a rape survivor. Of any gender. Ever. #MeToo,1,1,
920164423129489408,"#MeToo I could horrify you with the details, trust me, I see them everyday, but I prefer to show you how strong I've become in spite of it.",1,1,D
922293478679306240,#MyAmericaGreatAlready #TheResistance #RussiaTrumpGate #SaveNationalParks #SupportOurTroops #SupportPeaceOfficers #StopTheNameCalling #MeToo,1,3,
920726706029199360,#MeToo,1,1,D
920010385339580418,#MeToo,1,1,D
924325106318442496,Delivering #Fucking #justice to the #MeToo will take #forever !get #HarveyWeinstein n #Chop his #dick off in #public http:// people.com/movies/annabel la-sciorra-harvey-weinstein-daryl-hannah-recalls-scary-incidents-in-new-expose/ …,1,1,D
920682338207514624,#MeToo,1,1,D
921632320595070976,Sexual harrasment and assault also happens to men by both men and women. And it is not new. As staff of Holiday Inn Caracas in 80’s #metoo,1,1,A
924538211921158144,For too long Females get shame & blame for what Men have done to them . No more hiding our voices we will be heard #metoo @julieroot4,1,1,D
920057824192933888,And that's the other side of #metoo When you're privileged enough to be one of the 4 out of 5 women who *DID NOT* experience sexual assault,1,,
920424698604859392,Because walking in the dark means having a fist with your keys between your fingers hidden in your pocket #MeToo,1,1,D
920394632319549440,"#MeToo I'm 79, so I grew up in those years Weinstein claimed it was OK to harrass/assault. Wasn't then, still isn't.",1,1,D
924093979045457920,#MeToo https:// twitter.com/mashable/statu s/924081929565110272 …,1,1,D
924011212173651968,How #MeToo Has Awoken Women Around The World | Best Countries | US News https://www. usnews.com/news/best-coun tries/articles/2017-10-25/how-metoo-has-awoken-women-around-the-world?src=usn_tw …,1,,
919923074232758277,"By force, mockery, invalidation and deprivation. There are only 2 genders and marriage is a social construct #MeToo",1,,
920384438957113345,#metoo pic.twitter.com/Ud7vr3U2Vy,1,1,D
919949997537361925,#MeToo,1,1,D
921158378990329856,Here to stand with loved ones #MeToo,1,1,
919887632280244225,"There never, ever is an excuse for sexual intimidation, harassment and rape. Fight it when you see it. #MeToo",1,1,D
924095040271482880,I just added this to my closet on Poshmark: Adam Tucker by meToo Suede Ankle Booties. https:// bnc.lt/focc/ZQDhSxmbyG via @poshmarkapp #shopmycloset,2,3,
919993946779947008,#MeToo,1,1,D
920395194243211266,Really wanna talk about it but at the same time don't #MeToo #yourenotalone,1,1,D
920166889459875840,15 Facts About Gemstones @ https://t.co/KGalsGGLQf #BTSShow #Trump #Dhanteras #London #MeToo #Titans #Colts #Maria #Somalia #HappyDeepavali,2,,
923595145844584453,#metoo https:// twitter.com/Radioblogger/s tatus/923553511328980993 …,1,1,D
919961727265058816,#MeToo,1,1,D
919967759223570432,#MeToo https:// twitter.com/apbenven/statu s/919902089110872064 …,1,1,D
920063308308328448,#MeToo,1,1,D
920265147578507264,"If your consent was manipulated from you, it is not consent. #metoo",1,1,D
920395768363651072,#MeToo,1,1,D
920691283127087104,Nah. It only drowns it out if we allow it to drown it out. #MeToo is something that needs to get talked about. ALL EVIL needs to be talked,1,1,D
921047649221877760,"One thing I would like to be shared over and over again however, is this: Sexual Assault Victims pay for their own rape kits in America. If you think that’s utterly fucked up, call your representatives and demand change. Outraged? Yeah. #metoo",1,,
924667778400911360,@Alyssa_Milano Change#MeToo to #RealMeToo I am woman sexual molested @5 for yrs. Women who complain about pat on the a** Demean true victims,1,1,C
920119039464230912,#MeToo,1,1,D
920020637862604800,#metoo https:// twitter.com/g_amayesing/st atus/919742110344941569 …,1,1,D
922559312932859904,#metoo http://www. esquire.com/lifestyle/mone y/a12845576/what-sexual-harassment-looks-like-examples/ …,1,1,D
920109536270266368,#MeToo,1,1,D
920008156566212609,#MeToo Stay brave everyone,1,1,D
920424687640961025,"And #MeToo because when I confront him, he said I don't remember any of that"" and accuse me of wanting to get something out of him""",1,1,D
925117167003160576,That’s why Mueller waited 90 minutes to put out Papadopolous info. He set them up!,2,,
919893681863348224,#MeToo https:// twitter.com/HannahSuydam/s tatus/919758378007715840 …,1,1,D
920398949243957248,@GEICO @WeRateLizards #Dancing #Smile #MeToo #funny pic.twitter.com/k43aL1kmBK,1,3,
920166299313037312,"Me too. “If women who have been sexually harassed or assaulted wrote 'Me too.' as a status, give people a sense of the magnitude” #metoo",1,,
924648275575300096,#MeToo Paris pic.twitter.com/8jARASUQgx,1,3,
920723292104855553,#metoo is having an impact! Courageous women everywhere: thank you! https:// twitter.com/henryjgomez/st atus/920667490547654657 …,1,1,D
919866088028024832,What is #MeToo ?,1,3,
921091177243430912,#MeToo pic.twitter.com/m7I6HB8Aaa,1,1,D
920753406620422146,#MeToo Reminds Us Why We Actually Like Social Media http:// ift.tt/2yv2Qnr,1,1,D
920751944322428929,#metoo,1,1,D
920195396676222976,Is it too late? #MeToo,1,1,D
920041460682166273,"#metoo so people understand that while they aren't ready to speak about their assault, it's still real and valid",1,1,D
919921460319096832,We request respect and don’t need any men on the street to know we are “pretty” “bella” “jolie” or whatever else crosses their mind #MeToo,1,1,D
919963805978910721,"#MeToo despite society's continued #victimblaming reflex, this takes years for us to grasp, if ever... time to start blaming the perpetrator https:// twitter.com/KC_Sass/status /919946153348739073 …",1,1,D
919963380789731329,"#MeToo I was repeated & brutally raped from age 5-13 by my own father. A teacher I went to for help told me to stop telling wild tales.""""",1,1, C
920146720893181952,#MeToo,1,1,D
920025365950627841,"Sexual harassment is a part of everyday life for females. It's totally normal, and that is why #MeToo is important, because it shouldn't be.",1,1,D
920229039935078400,"With: spouse or lover friend or stranger family or neighbour as young or old online or offline Where am I safe? Yes, #MeToo like #youtoo 2",1,1,D
920028552900300801,It's time for a change. #MeToo #SexualAssault #sexualharassment #patriarchy #nomeansno pic.twitter.com/YPgdctXKiR,1,1,D
920319456714412032,"What's your reaction to #MeToo ? Would you like to see more men posting I ignored it and won't anymore"" statuses? http:// bit.ly/2zgLN7W pic.twitter.com/x1JSupKtUh""",1,3,
920251762602332161,"Many know of the malarkey of 2010, but few know of the beer-loving manager of 2012-13. Add monsters of 2011 & 2016… #MeToo #NeverSilent",1,1,D
920284041433288704,Well done to the niece for standing up against disrespect of women's bodies. We do not want another generation to tweet #MeToo https:// twitter.com/TeamNews24/sta tus/920202173526441984 …,1,1,D
920199871704989696,#metoo,1,1,D
920123576690331648,I couldn't think of a single work instance in which to say #metoo then I remembered the advances of my first boyfriend's dad....,1,1,B OR C
922126722207748097,@TomVMorris #MeToo @rosemcgowan @AshleyJudd @MiraSorvino I Bet #HughHefner Knew About this & #YouToo https:// twitter.com/seankent/statu s/918547944692785152 …,1, ,D
923289475236749318,#METOO and Challenging the Patriarchy https:// ctsneak.wordpress.com/2017/10/25/met oo-and-challenging-the-patriarchy/ … pic.twitter.com/VPE7RXcfEg,1,1,D
920093953269084161,#MeToo Thank You Gillian for speaking up on this.,1,1,D
924125401298931712,#metoo is such a powerful movement and I’m so with it!,1,1,D
919913204347801601,#MeToo,1,1,D
920364711664787456,#MeToo And then you just have to learn to live with these memories,1,1,D
920292047344545797,Literally the only appropriate response. #metoo #fucktheseguys #notliterally #withcowtongues https:// twitter.com/Krys/status/92 0035019736911872 …,1,1,D
919983956656656384,"You took a protest against online abuse as a chance to make two snarky tweets about how much nicer it was here without them just to pick up some likes, and you've said nothing I've seen to a single #MeToo victim. Look in the mirror. https:// twitter.com/SLShockeyfan/s tatus/919954129358798849 …",1,3,
920025814569234432,#MeToo #MoiAussi,1,1,D
919926835059798017,"For anyone wondering why the #MeToo movement should matter to everyone, regardless of gender: https://www. ted.com/talks/jackson_ katz_violence_against_women_it_s_a_men_s_issue …",1,1,D
920334839093571594,For living in a sorority where a sister was attacked by a rapist and would be murderer who was never brought to justice. #MeToo,1,1,C
922441736902803456,"I felt so alone, so isolated, so much shame….everything got scarier, stranger, even weirder."" http:// goo.gl/8TZNbf @jkhoey #metoo pic.twitter.com/DdsffsvWMZ""",1,1,D
920739560295993346,"What rape culture is like for the lucky ones"" #MeToo http://www. scarymommy.com/me-too-what-ra pe-culture-looks-like/?utm_source=FB …""",1,1,C
919948430344163328,#MeToo pic.twitter.com/C4L5BUYcL5,1,1,D
920928960753684480,"Monica Lewinsky tweets the hastag #MeToo , marking herself as a victim of sexual harassment or assault. via /r/The_… http:// ift.tt/2gwwKDj",1,1, 
924461166511796226,Be Aware. #harrassment #assault This is their #MeToo TakeAction #SaySomething #TellSomeone cc Dr @giasison https://www. yahoo.com/gma/17-accuser s-share-stories-harvey-weinsteins-alleged-advances-133505725--abc-news-celebrities.html …,1,1,C
920052517433692160,I have had my ass slapped at two different jobs by two different men. #metoo,1,1,B
919828989614493696,Often silenced. Often dismissed. Always fucking painful. Sexual assault happens in our queer communities and it happened to #MeToo,1,1,D
920318696249274368,#metoo at work when I was 18 years old,1,1,D
920076478259318784,#MeToo,1,1,D
924215107349090305,No worries @michael . You can’t lose that which you don’t possess #MeToo,1,3,
923089990518693888,Horrible! How could he get away with such depravity? Wish victims had been supported to complain @maheshmurthy #metoo #sexualharassment https:// twitter.com/pankajontech/s tatus/923067454300987392 …,1,1,
919997257507672065,It is honestly sickening that women who ~haven’t~ been sexually assaulted are the “lucky” ones #MeToo,1,1,
920399558923948032,#MeToo,1,1,D
924729461924298755,#metoo,1,1,D
923706178428739586,Am looking for a copy of @GretchenCarlson #BeFierceBook now. It’s going to be an empowering weekend reading these. #MeToo #SupportSurvivors,1,3,
919955934474133505,2/2 #metoo all aware of what an issue this is. &2 encourage us 2b strong & resilient & keep fighting & not to blame ourselves or be ashamed.,1,1,D
920275705417621504,"Jesus even friends in Germany are getting in on #MeToo . At this point, 100% of my friends have responded the like...men get it together.",1,1,D
920038735424737281,"#MeToo I share my story to help end shame, stigma & silence surrounding sexual violence. Hoping the doors of change have been opened",1,1,D
920797272689876992,#MeToo thirty years ago I was indecently assaulted by a doctor whilst going through a miscarriage. I've never told a soul #MeToo,1,1,C
921989768392482816,These are the stories I could never bring myself to tell. Don’t judge me for my silence. http:// m.hindustantimes.com/brunch/the-ana tomy-of-silence/story-Bo2twoKpuTBLmikeOSz9VL.html … #metoo #sexualharassment,,,
920184223901913088,#metoo but the stories won't fit in 140 characters.,1,1,C
920091334454718464,Men need to know that unless you are given consent you should never do anything to a girl. #MeToo,1,1,
920107060385153025,*sigh* #metoo,1,1,D
921007828029935617,@Alyssa_Milano look at @ItsOnUs before you start a new org and further dilute donated funds. #metoo,1,,
922318190008512512,#MeToo 1st time staying at a friends house. It was her uncle. Touching me During my sleep. I still feel unworthy of my self.,1,1,C
920073966181601280,#MeToo,1,1,D
921343160600719362,#MeToo,1,1,D
921433920440295425,“Why have a list of victims when a list of perpetrators could be so much more useful?” https:// gu.com/p/7d7t9/stw #metoo #stopsexualabuse,1,,
922517264544555008,#metoo http:// fb.me/8RsA5sms9,1,1,D
920689649588224002,How I found my #MeToo outrage http:// a.msn.com/01/en-us/AAtEY VA?ocid=st …,1,1,D
921064384364990464,We can change this. It's not a zero sum game; white men can feel awesome about standing up for equality and progress. #HeForShe #MeToo,1,,
920667933499588608,#MeToo,1,1,D
921295829213859840,#MeToo #NotOurMen https:// twitter.com/WestmonsterUK/ status/905394178473021440 …,1,,
925058390665154561,"While the viral hashtag #MeToo opens up a dialogue concerning the crisis of respect for women, the final... http:// fb.me/2Fb4E1Lrn",1,3,
920024611504513024,#MeToo https:// twitter.com/VictimRightsLa w/status/919739343241187329 …,1, ,
919993669100490752,That's right #MeToo https:// twitter.com/apbenven/statu s/919902089110872064 …,1,1,D
919993697831440384,#MeToo,1,1,D
920355585647890433,"#Talkspace is convenient, anonymous therapy. Register and we'll both get $50 off! https://www. talkspace.com/invite/703473? p=3&c=2 … #Metoo",2,3,
919970690203340800,#MeToo,1,1,D
919906342474743809,"Not all #MeToo stories are the same but the feelings are, shame, guilt, anger. It's time to stand up and say no more",1,1,D
923061091416014848,#metoo,1,1,D
919860102521167873,#MeToo,1,1,D
920801048687546368,Thank you! I wish there were more men like you! #MeToo,2,3,
921925269828571136,"I will hold your hand if you will hold mine. Together we are stronger than rape, violence, harassment, abuse of power and of love. #MeToo",1,1,D
920367604769759232,"#MeToo Your bro here, #Ibelieveyou and am #withyou PS: To all my sisters, ty! #Resist https:// twitter.com/whitsittwonder s/status/920365298821169152 …",,,
925141300193648640,Me too http:// scarsandtiaras.com/me-too/ #metoo #survivor #TEDxCSprings,1,1,D
923939828932079617,There's some really good stuff here: Five cartoonists on #metoo https:// thenib.com/response-metoo,2,3,
919842078653284352,"I experienced sexual harassment & assault 10+ individual times in my professional sports career in Ireland, from men in that sport #MeToo",1,1,B
921181205663399936,#metoo,1,1,D
919946538629107713,"Yes, everyone in one way or the other #meToo https:// twitter.com/KimberlySBelle /status/919939529351598080 …",,,
920138640193449985,"#MeToo . Sincerely, I don't know a woman who hasn't been. Stay courageous.",1,1,D
919859499162271745,#MeToo #Ophelia #WorldFoodDay #Kirkuk #RAP #JayZ #Beyonce #TaylorSwift #UKIP #EDL #Scotland #Glasgow #Miami #California #London #Belfast pic.twitter.com/B6XL61xSZJ,2,3,
920347202375114754,#MeToo,1,1,D
920017527845113857,#MeToo,1,1,D
920696076654530560,The latest The Signus Daily! https://t.co/egmSCnLrdq #metoo #ausbiz,2,3,
920675197824495616,"For a lot of these Me too's,"" there's a parent/guardian who refused to listen when they told the first time. #MeToo pic.twitter.com/WQkYGHKfDI""",1,1,C?
920114168858136576,Seeing the amount of women on my timeline posting their #MeToo experiences pic.twitter.com/iGf3ybtHk4,1,3,
920146262862655493,"#metoo Take the next step by posting resources for the women & men who have yet to find their outlet towards being heard, helped, & safe.",1,1,D
920284363069280256,"#MeToo mostly as a teenager, and one who'd been brought up to think that unwarranted male attention was a compliment.",1,1,C
920253450826416128,"i wasn't sure if i wanted to do this, i've spent a lot of time trying to avoid thinking about it but #MeToo",1,1,D
921143765556957184,Just because I'm too chickenshit to say it on facebook.... #MeToo,1,1,D
919908168502796288,To all women (or men) who have been sexually harassed or assaulted and are speaking up about it. Thank you. You're not alone. #MeToo,1,1,D
920150457535946752,"Since I have posted about #metoo I would like to disclose why. I have a bigger following on instagram, I will never know why but anyway",,,
920408647125098502,"As there's even one person saying #MeToo or This is my story"", #WeMust as a society continue to strive to be better. If I can go out and""",,,
920228858879758336,#MeToo,1,1,D
922482792142958592,#MeToo . #Maine too. http://www. sunjournal.com/news/maine/201 7/10/22/metoo-maine-too/2217833 … via @KathrynSkelton pic.twitter.com/ZkOFchlc5z,1,1,D
919818009434316800,#MeToo,1,1,D
925146068928663553,I have now complained to Twitter about #MeToo and then to have it shutdown because of concerns about false accusations being issued.,1,2,D
919885640724107266,because it’s important to understand you don’t owe anyone anything #metoo,1,1,D
920224552570953728,#MeToo,1,1,D
919901771685867520,#MeToo : Twitter flooded with personal stories of assault http://www. cnn.com/2017/10/15/ent ertainment/me-too-twitter-alyssa-milano/index.html …,1,1,D
920015383721140224,#MeToo,1,1,D
920617986938912768,"The #MeToo initiative has me thinking about #parenting the next generation. I'd love to hear your thoughts, too. http:// wp.me/p5EXBd-6d",1,3,
919929974420774913,Insecurities should not be preyed upon. Emotions should not be manipulated. Abuse is not love. #MeToo,1,1,D
921099367406292993,#metoo,1,1,D
920390030702637058,I found this poetic response to #metoo via Courtney E. Martin... http:// fb.me/zCEv5q3t,1,3,
920130107607363584,"Ask your sister, how many times, she has been advised to not wear  a particular dress or sit in a particular position in front of you #metoo",1,3,
920179693457776640,@DanneelHarris encouraged me to this. #metoo #change I know... you know. #stillsmiling #nofilter … https://www. instagram.com/p/BaVvIraAm5V/,1,1,D
921212309833441286,#metoo . There. I said it.,1,1,D
919831173966258176,#MeToo,1,1,D
920081454641635328,I wrote about #metoo earlier and was then accused of being a man hating lesbian. So. No progress yet.,1,3,
920125726048817152,#MeToo,1,1,D
921199014623584256,#MeToo,1,1,D
920747461060300800,For the men who don’t know what to say when they see the hashtag #metoo  It’s okay if you feel uncomfortable and ac… https://t.co/EYCKV7isgL,1,3,
920073440501092352,#MeToo pic.twitter.com/z4SgY1EwTj,1,1,D
919829063354798080,"I was 14. Mom protected him, shamed me, kept me from help. Took me into my 20's to figure out I wasn't to blame. You aren't either. #MeToo",1,1,C
920658371371401216,"This, from @SuitcaseBrenna on the #metoo campaign is essential reading: https://www. thisbatteredsuitcase.com/nah-dude-im-no t-going-to-lighten-up-about-your-rape-joke/ …",1,3,
920384045472677888,#metoo,1,,
922491633047887874,"Men, you want to treat women better? Here's a list to start with #metoo #idid http:// ow.ly/4gY130g1Pnx",1,  , 
919978361052471296,#MeToo I fell asleep on floor at friend’s house in HS. Woke up with their older brother all up in my business and groping under my clothes.,1,1,C
920088447347441664,I don’t even know what to say. #MeToo,1,1,D
920257539400486913,#MeToo I was 13 working in a restaurant and the cook would corner me when ever we were alone. Some of things he would say was horrifying.,1,1,C
919976163270836224,"You know men, real men tired of you/others man-bashing us as gender, all-inclusive. #METoo is feel good babble that does little past METOO https:// twitter.com/panayiotab/sta tus/919965652416307200 …",1,2,
919996068431089664,#MeToo,1,1,D
920123421962448896,"In the end, nobody cares because even the mandated trained reporters do NOT want to get involved. They see it but say or do nothing. #MeToo",1,1,
920384488307412994,#MeToo,1,1,D
920059901191135233,I remember thinking that maybe it was just a dream but as I got older I realized it was all to real #MeToo,1,1,D
920125336985235459,"An attorney --you'd think he'd know better than to sexually harass, and don't even get started on food service industry. #MeToo",1,1,D
920065584112590849,#metoo #jamestoback,1,1,D
920035608856285184,these #metoo tweets are just confirming to me how widespread the problem of sexual harassment really is - please let this #make an impact,1,1,
920021711277510656,#MeToo but #NotMyDaughter #NotMySon #changetheculture,1,1,D
920377327393099781,bitch better have my money for emotional labor because now i gotta elaborate on #metoo posts when you can literally google it,1,3,
920094171091828736,#MeToo,1,1,D
919977952841830401,"I’m tired of carrying pepper spray, and a taser, because I feel unsafe on campus, my friends said #MeToo",1,1,
920085791946231808,#metoo,1,1,D
9.19894E+17,Can and does #metoo https:// twitter.com/itsgabrielleu/ status/919597648679759872 …,1,1,D
921032301118713856,#MeToo pic.twitter.com/hLJK4tTShQ,1,1,D
920272376956407809,"@atensnut @InsertNewName Put the #MeToo beside your tweet, then it will count...",1,,
920367198958370816,@HillaryClinton loves rapists. #metoo pic.twitter.com/4HWLF7EQh1,1,2,
919956507554226178,Thank you for writing this article. #MeToo I lost count.,1,1,
920186031676280832,@umartanoli Where is your #metoo post i am waiting.,1,3,
919825513236983808,#MeToo,1,1,D
923615259654606848,#MeToo has reached 85 countries with 1.7 million tweets. https:// goo.gl/mejFsK,1,3,
921601735206072322,Is anyone really surprised? Anyone? (crickets) I didn't think so. #scum #pedophile #lowerthandirt #MeToo https:// twitter.com/StockMonsterUS A/status/921075009287700480 …,,,
919876611754696704,Was in a spa with a date... his BF was groping me under the water right next to his BF. I was stunned &froze. This is just one story #MeToo,1,1,C
920281494857199616,"Me too. Yes, I've been sexually & assaulted. If you too, write #metoo , we might give people a sense of the magnitude #JoTambe #YoTambien",1,1,D
919943564909580289,#MeToo pic.twitter.com/8NIF6OOOGs,1,1,D