920026781855436810,#MeToo,1,1,4,,,,,,
919851622330544128,I was raped while walking my dog. I wondered if it was my fault. I was raped by my boyfriend. I wondered if it was my fault. I don't feel that way any more. Neither should you. #metoo,1,1,3,,,,,,
920488416961167360,Monica #MeToo @shellieBlum @Truthgunner @RightwingAngel @Carold501 @ItsJustJill @WAGNERGIRLE @EricaRN4USA @sheilaaj @cgpb @scarlett2112,1,1,4,,,,,,
921866103327899648,#metoo I was 17. My first job. He was my family dentist. He was training me to be his dental assistant. And something else too it would seem,1,1,3,,,,,,
922094059518398464,#MeToo my history is long and it seems like it never stops,1,1,4,,,,,,
919827804077817856,Don’t touch someone without consent #MeToo,1,1,3,,,,,,
919887345540669440,"Even when men get away with it, you’re brave for speaking up. #MeToo",1,1,4,,,,,,
920025933679071232,#MeToo ....the first time was when I was 12 years old. Not drunk. Wasn't acting like a hoe. Just a child. https:// twitter.com/jenfieldd/stat us/920019909207298053 …,1,1,3,,,,,,
9.22035E+17,#MeToo,1,1,4,,,,,,
920055819655368704,#metoo,1,1,4,,,,,,
919887069807284225,"I was 11 the first time I was grabbed and sexually harassed. Later it was random strangers, an Employer, an ex romantic partner. #MeToo",1,1,3,,,,,,
919987003407683584,I love youuuu thank you for using your platform for this #MeToo,2,,,,,,,,
920170728758173696,#MeToo,1,1,4,,,,,,
920142930999955456,Thousands of women share experiences of sexual assault on Twitter through #MeToo https://www. theverge.com/2017/10/16/164 81658/twitter-metoo-hashtag-wome-sexual-assault-share-experiences-harassment?utm_campaign=theverge&utm_content=chorus&utm_medium=social&utm_source=twitter … pic.twitter.com/IWfn7iHEwN,1,3,4,,,,,,
920806117441077248,"#MeToo did something revolutionary, @sophieGG writes https://www. theatlantic.com/entertainment/ archive/2017/10/the-movement-of-metoo/542979/?utm_source=twb …",1,3,4,,,,,,
920766972106768389,#MeToo pic.twitter.com/rXfMLNPmJS,1,1,4,,,,,,
920075123650060288,Me Too. #MeToo pic.twitter.com/mBZwDnegfK,1,1,4,,,,,,
920807753492267011,The latest DAILYPAPARAZY.LK! https:// paper.li/Peparazya/1408 082097?edition_id=d2e4a010-b463-11e7-8e26-0cc47a0d15fd … #forbes400 #metoo,2,,,,,,,,
920092447513956357,Drunk ex boyfriends being very forceful and manipulative and who are also way stronger than me. #metoo,1,1,3,,,,,,
919917925011804166,It's gotten so much traction that even James Woods is signaling support for the #MeToo movement.,1,1,4,,,,,,
920116669573423105,#MeToo and there’s no such thing as “asking for it” or “had it coming for you”,1,1,3,,,,,,
920706360475553793,"Men posting #MeToo is the same as when men say that reverse sexism"" bullshit. It's not about you right now. You sound hella stupid.""",1,2,4,,,,,,
921786472960839680,I hadn't even had my first period the first time a group of boys made sexual comments on my body. #MeToo,1,1,2,,,,,,
925114317992857600,@netflix We've been with u from the beginning. Very disappointed u haven't dropped #HouseOfCards and #KevinSpacey immediately. #MeToo,2,,,,,,,,
920922698833731584,#metoo for years starting at age 9. Thanks for breaking the silence and leading by example.,1,1,4,,,,,,
920016163186208769,#MeToo,1,1,4,,,,,,
920045471846092803,#MeToo https:// twitter.com/Alyssa_Milano/ status/919659438700670976 …,1,1,4,,,,,,
919963486926630912,Seeing #MeToo in so many posts is just heartbreaking.,1,1,4,,,,,,
919894245355397120,#MeToo .,1,1,4,,,,,,
919862621687500800,Hashtag #MeToo trending on Twitter is highlighting the widespread prevalence of sexual assault. #endVAW,1,3,4,,,,,,
920009743745409024,This exactly. Mine was an older cousin. #metoo https:// twitter.com/smitten_vixxen /status/919991416016732165 …,1,1,4,,,,,,
925040091344637953,#DRTBrainLove #DrDelvena #spreadtheword #advocacy #takeastand #metoo #sexualassault #domesticviolence #mentoo #DVAM https:// youtu.be/NxXPkYqpuKM,1,3,4,,,,,,
919867309942018048,"Growing up I hated a place we went to. He would pick me up, hug/squeeze me and tell me how pretty I was. Then laugh when I said no. #MeToo",1,1,3,,,,,,
919999413719912451,#MeToo shouts out to the frat boy who thought countless no's meant yes,1,1,3,,,,,,
920883614945984512,"No #woman should have to walk with fear,nor endure verbal or physical agression.We should be protected.We have the righ to be safe #MeToo https:// twitter.com/time/status/92 0877202912227328 …",1,1,4,,,,,,
923152469491834880,Yes I was sexually harrased by 2 girls for 5 years from class 8to12. #metoo,1,1,4,,,,,,
920622562991681536,"How about we stop needing to say me too"" and we get ""I believe you"", ""I'm here for you"", ""I'm with you"" #meToo""",1,1,4,,,,,,
919972564566495232,#Metoo,1,1,4,,,,,,
920022901578981377,#MeToo pic.twitter.com/hNjyVcWm8g,1,1,4,,,,,,
920806524066267136,Sexually assaulted twice more as an adult and I can't even remember all the times I've been sexually harassed or experienced misogyny #metoo,1,1,4,,,,,,
921333919508709376,"Almost 321,500 people, above age of 12, are #raped or #sexuallyassaulted in #US every year. What a despicable #statistic to #own #MeToo https:// twitter.com/AJEnglish/stat us/921331475236249600 …",1,1,4,,,,,,
921116882400407553,#metoo,1,1,4,,,,,,
920233866383605762,#metoo even though I really don’t wanna fuckin talk about it,1,1,4,,,,,,
920141705260752896,#MeToo #YoTambien pic.twitter.com/SwoIMI3B3d,1,1,4,,,,,,
920738508779741191,Women alone cannot change our society's culture of sexual violence & rape http:// bit.ly/2gOvIiT #MeToo #HimThough #HowIWillChange #WWV17,1,3,4,,,,,,
922120233720086528,"Women senators say #MeToo , reveal stories of sexual harassment https://www. nbcnews.com/meet-the-press /video/women-senators-say-metoo-reveal-stories-of-sexual-harassment-1078869571953 … via @meetthepress",1,3,4,,,,,,
920028546432724993,#MeToo and I didn't know it was wrong,1,1,4,,,,,,
920361974617194496,#MeToo,1,1,4,,,,,,
920247332045836288,"We stand together. We stand united. You are not alone, nor am I. Just don't let this die. #MeToo https://t.co/toGPhZ15M1",1,1,4,,,,,,
919955604285861888,"I admit, I hesitated before posting my #metoo because I never said anything...even to my family.",1,1,4,,,,,,
919984031453757440,#MeToo,1,1,4,,,,,,
921180101030621184,I won’t get into details but #MeToo,1,1,4,,,,,,
920129508941881344,Since then it's happened so many frikking times that I can't even list the incidents. #MeToo,1,1,4,,,,,,
922092354718355457,#ZainJaffer 's kids are now part of #MeToo disclosures. Hopefully their identities will be protected. Name change? https://www. forbes.com/sites/clareoco nnor/2017/10/20/zain-jaffer-ceo-of-startup-vungle-charged-with-attempted-murder-child-abuse/#39a047f86d62 …,2,,,,,,,,
920066937454977024,#metoo,1,1,4,,,,,,
919991238509637633,And #metoo .,1,1,4,,,,,,
920358573535907840,"#lichtgetint #metoo #opsporingverzocht , that about sums it up.",2,,,,,,,,
919951816883933184,The latest The Bill Avery Daily! https:// paper.li/ridesafety?edi tion_id=aef64140-b288-11e7-8823-0cc47a0d164b … #flipblogger #metoo,2,,,,,,,,
919968259692167168,"Once, while working retail, I told a subordinate she needed to work like a man, you know, smarter, not harder"". Was that harassment? #MeToo""",1,,,,,,,,
919824575189303296,#MeToo pic.twitter.com/pvdTl8VjP7,1,1,4,,,,,,
920105174399639554,#Metoo,1,1,4,,,,,,
921108228078960640,Tomorrow we talk to @SWACEO about #MeToo & @TransparencyUK about #DaphneCaruanaGalizia . Catch last week’s show here- https:// m.soundcloud.com/user-90412603/ 13th-october-2017 …,2,,,,,,,,
920998324978765824,"Ellen DeGeneres Adds Her Voice to the #MeToo Movement: This Is a Human Thing"" http:// ift.tt/2yUaVVX""",1,1,4,,,,,,
922936660169560064,"If I wasn't so old and ugly I'd grab ya"" -old man at my job today #metoo""",1,1,2,,,,,,
919926298906124288,#metoo,1,1,4,,,,,,
919986348135661568,#metoo Thank you for helping to open the door.,2,,,,,,,,
920090545153855489,"Don't loose your faith, for me it's the only thing that keeps my mind away from those nightmare... Take care! #metoo",1,1,4,,,,,,
920950717753516032,"#MeToo most of my life includes College Professor, Physician, Countless men I work with & the men who shop in the place where I work.",1,1,4,,,,,,
920382119075041281,My biological family still doesn’t believe me or says it my fault. #metoo you’re never alone.,1,1,4,,,,,,
920216192249364480,#MeToo social media campaign to end #sexualassault taking off. #weinsteinscandal . @NewsChannel8 @ABC7News pic.twitter.com/raAAus4nCW,1,3,4,,,,,,
920078171910832128,#MeToo,1,1,4,,,,,,
921805222070059008,"#MeToo why aren't molly ringwald, jennifer lawrence and reese witherspoon naming the names? They help no one if they protect the guillty!",1,3,4,,,,,,
923905443164033027,"Mika: Mark, why not  #MeToo .""""",2,,,,,,,,
924194112160624640,Three men joking about sexual harassment just isn’t funny. There is too much raw hurt around right now #MeToo https:// twitter.com/bbcnickrobinso n/status/924173497580032000 …,1,1,1,,,,,,
920760304199503873,13 Million Stories Told in Just 2 Words: How #MeToo Is Breaking a Stigma (and the Internet) http:// on.inc.com/2yy5Uki,1,3,4,,,,,,
923676317194903558,#MeToo,1,1,4,,,,,,
921485988907667464,Waiting for HipHop MeToo begin,2,,,,,,,,
920141425265737728,#MeToo,1,1,4,,,,,,
920099372611796992,#metoo,1,1,4,,,,,,
920210748508385281,"ME FUCKING TOO the thought of it makes me SICK and only just come to terms w/ it but seeing others speak out inspires me, stay strong #MeToo",1,1,4,,,,,,
920344626221010947,"Not me, but my acquaintances, my co-workers, my friends, my family--most women I know say #metoo . How do we change this.",1,1,4,,,,,,
919997363317379072,#metoo,1,1,4,,,,,,
919975689125793792,#MeToo,1,1,4,,,,,,
919974309388607489,#MeToo,1,1,4,,,,,,
920094177626591232,"Me too, for 4 years of my active duty in the Army #metoo",1,1,4,,,,,,
919956866192498689,#MeToo,1,1,4,,,,,,
920036662977052672,I don't feel like sharing it but #MeToo,1,1,4,,,,,,
921406783494770688,Trump Tweets #MeToo claims they put his hand on their Pussy!,2,,,,,,,,
920323108417998849,#MeToo,1,1,4,,,,,,
920718136722239488,#MeToo : Hundreds of Indian women who have been sexually harassed or assaulted stand up to be counted http:// bit.ly/2gLHBX1 pic.twitter.com/ujC9hNF8Cw,1,1,4,,,,,,
920344242324680705,#metoo so I wrote a book about it and I felt better. It felt good to creatively express that… https://www. instagram.com/p/BaW59nUgP4f/,1,1,4,,,,,,
920013852124860417,#MeToo,1,1,4,,,,,,
919988456234692608,"Sadly, #MeToo . One incident of many was the groping of my body by two male classmates in our junior high art storage closet. #theshameisreal",1,1,3,,,,,,
920233139191943168,"#MeToo If all the people who have been sexually harassed or assaulted wrote 'Me too' as a status, we might give... http:// fb.me/6C2SezYFA",1,1,4,,,,,,
919839325159792640,Starting in 6th grade through adulthood. Once while trying visiting my grandpa in his memory care center. #MeToo,1,1,4,,,,,,
921874703299563520,Support #MeToo by creating awareness in our society. Be Part of Someth... http:// supportgr8ness.com/products/be-pa rt-of-something-great?utm_campaign=social_autopilot&utm_source=tweet&utm_medium=tweet …,1,1,4,,,,,,
920100032136794112,"Even though I don't talk about it, in fact, pretty much no one even knows about it and it's hard to say anything, #MeToo",1,1,4,,,,,,
920144601012256770,A family friend. I was 12; he was 28. Mom didn't believe me. #metoo,1,1,4,,,,,,
919888899685498880,#MeToo for many years. #IWontBeSilent,1,1,4,,,,,,
922509759328043008,#MeToo is a statement with unimaginable pain and suffering behind it.,1,1,4,,,,,,
919867510626930689,"#MeToo Ladies and gentlemen, please post me too"" if your were sexually molested at one time in your life.""",1,1,3,,,,,,
919888976105766912,#metoo,1,1,4,,,,,,
920070897993764864,You can think you've seen it all until the guy who grabbed you throws a punch and then a chair at the bouncer that saved you... #metoo,1,1,3,,,,,,
919932656191713280,Men saying #metoo isn't a gender issue is the equivalent of white people saying all lives matter.,1,2,4,,,,,,
923237092095938560,,1,3,4,,,,,,
920267668367855617,"#MeToo But now never, Dare not ! Actions will face adverse reactions #LessonforLife #Fightback",1,1,4,,,,,,
920317169078063105,Brilliantly written piece by @maureenyounger following the #MeToo debate. I think many women will identify with some of her experiences https:// twitter.com/maureenyounger /status/920258118663266305 …,1,1,4,,,,,,
919944916679254019,there's no right way to do this #MeToo there's no wrong way to do this #MeToo,1,1,4,,,,,,
920185766331924480,#MeToo,1,1,4,,,,,,
920059175362756608,#MeToo https:// twitter.com/alyssa_milano/ status/919659438700670976 …,1,1,4,,,,,,
919903202413367297,#MeToo pic.twitter.com/ZczH3XMLCb,1,1,4,,,,,,
920377411690168320,"#MeToo . At 21 in my own living room, with my hands pinned down.",1,1,3,,,,,,
919957142001479682,#metoo has really exhausted me this morning. i know most of the men my friends have shared their stories about. and those men would be the,1,3,4,,,,,,
919878342819663872,#MeToo,1,1,4,,,,,,
920122230289219585,#MeToo,1,1,4,,,,,,
922208136777338880,Once a girl was eyeballing me so hard at the grocery store but I had no idea what to do so I just hid for 20 minutes #Metoo,1,1,1,,,,,,
920075944001396736,"And yes, #MeToo I don't know a single woman that can't say that.",1,1,4,,,,,,
921146270600876033,#MeToo,1,1,4,,,,,,
920410207531941888,"Every man should take time to read some #metoo stories and testimonies"" from women they know. We don't get it like we should, lads!""",1,1,4,,,,,,
921214040868900864,@Alyssa_Milano Would you help share this campaign? Not mine but love the sentiment & would keep #MeToo going strong! http:// kickstarter.com/projects/oghmc /she-persisted-heart-enamel-pendant …,1,1,4,,,,,,
919944963231686661,#MeToo https:// twitter.com/Alyssa_Milano/ status/919659438700670976 …,1,1,4,,,,,,
920392525524824064,It’s scary to see so many #metoo out there... it’s nice to know I’m not alone,1,1,4,,,,,,
919908304427593728,Some of us can't bear to talk about our #MeToo stories.,1,1,4,,,,,,
921667529336066048,#metoo,1,1,4,,,,,,
920060095664357376,"Just like moons and like suns, With the certainty of tides, Just like hopes springing high, Still I'll rise."" Maya Angelou #metoo""",1,1,4,,,,,,
920828516383514624,#metoo,1,1,4,,,,,,
919870285876211712,In January I told a secret to my husband I had kept for 20yrs and never told ANYONE- I was raped by my exes father. #metoo,1,1,3,,,,,,
919935036018843648,‘Threatened to rape me to death’: Dana Loesch shares some of the vile threats she’s received to the #MeToo hashtag https:// twitchy.com/gregp-3534/201 7/10/15/threatened-to-rape-me-to-death-dana-loesch-shares-some-of-the-vile-threats-shes-received-to-the-metoo-hashtag/ …,1,1,2,,,,,,
923281090877509632,I don't understand the outrage when 60% of y'all voted for the pussy grabber #MeToo,1,2,3,,,,,,
920100035731304449,"#MeToo After going out on St. Patty’s day, I crashed at a friend’s apt and woke up bc some guy I barely knew was groping me.",1,1,3,,,,,,
920037534108811265,I'm with you and I support you and I believe you #MeToo,1,1,4,,,,,,
920143878904090624,#MeToo Me caso pic.twitter.com/biBkRpW6TO,1,1,4,,,,,,
920847751113576448,This whole #metoo things got me fucked up.,1,,,,,,,,
920035244874625025,it’s okay to speak out #metoo,1,1,4,,,,,,
919896942930522112,thoughts of a survivor (i am so melodramatic.) (it was my fault.) (eventually i said yes.) (he loved me.) (i deserved it.) #metoo,1,1,4,,,,,,
920394597456629765,"Ally of Me Too"" victims... #metoo""",1,1,4,,,,,,
921023810043867137,BBC News - How ' MeToo ' is exposing the scale of sexual abuse http://www. bbc.co.uk/news/blogs-tre nding-41633857 …,1,3,4,,,,,,
920005127985090560,#MeToo I was only a 3 year old. It was attempted but thank God it didn't happen. While later it was still to happen by romantic partner,1,1,4,,,,,,
923426998256406528,So glad all I do is sit around and read books. You ppl who partied thru ur 20s must be shaking in your boots. #MeToo http://www. patheos.com/blogs/nosacred cows/2017/10/neil-degrasse-tyson-accused-of-rape/ …,2,,,,,,,,
920395285288775680,#MeToo,1,1,4,,,,,,
924367629464342528,@realDonaldTrump is a sexual predator who has admitted to sex assault. #trumpisasexualpredator #metoo #shitler https:// twitter.com/riotwomennn/st atus/917015722928328705 …,1,3,3,,,,,,
922463365389205506,"Line of the day ( so far ) who's next Spielberg ? #metoo @RoverRadio @RMGdieter ....... but honestly hope those bad people get theirs""",1,1,4,,,,,,
921405260488429568,"Why women always like to play victims? #MeToo Ans: for want of attention, sympathy and power #DropTheFakeCry",1,2,4,,,,,,
920238287511523328,#MeToo sexually abused from age 3 -21 by different males+female. After that; harassed and raped several times. By a boyfriend + strangers.,1,1,3,,,,,,
919917147941322752,#MeToo,,,4,,,,,,
920022995896356864,Seeing 1 of my abusers in my hometowns music scene/in a seemingly normal relationship after he told me to kill myself w/ directions #metoo,1,1,4,,,,,,
920158054741565441,#MeToo :'(,,,4,,,,,,
920208692917743616,I was told I was too ugly to be raped then later had rape threats from different men #mayimbialik #MeToo,1,1,4,,,,,,
920985877307785216,The latest English Support Services! https:// paper.li/Eng_Sup_Servic e/1340194326?edition_id=b30dcd80-b4c6-11e7-8c18-0cc47a0d164b … #metoo,2,,,,,,,,
920001543608287234,I am a woman. I have fallen prey to the sick mindset that SOME men carry too. I have faced it too. But is #MeToo enough? PART 1 pic.twitter.com/34fkb0p64m,1,1,4,,,,,,
920791770320977920,#MeToo pic.twitter.com/tUGpiEorkR,1,1,4,,,,,,
920133898662793216,If we're trying to raise awareness regarding sexual harassment and assault we MUST speak and ASK for help. #MeToo #WomenWhoRoar,1,1,4,,,,,,
919904894584262656,me too #MeToo,1,1,4,,,,,,
919924010611347456,i fully agree with this and will be here for anyone too #MeToo https:// twitter.com/chrmilla/statu s/919923858177748993 …,1,1,4,,,,,,
9.20021E+17,#MeToo,1,1,4,,,,,,
920127660755259393,#metoo,1,1,4,,,,,,
919882585202876416,"I cld easily post plenty of stories abt #MeToo . Few wks back had a dick pic sent 2 me on Snapchat, after saying no 2 a date. Blocked him. pic.twitter.com/CSoaR1t9sX",1,1,2,,,,,,
919948871379374080,#MeToo pic.twitter.com/3aejzp6vUZ,1,1,4,,,,,,
923155685751132160,@VP @CoryGardner You take away the people's right to a class action suit. We will remember. We will vote #metoo http://www. latimes.com/business/la-fi -arbitration-rule-senate-20171024-story.html …,2,,,,,,,,
920335261539565570,#MeToo because it can happen in relationships and marriages. It isn’t always the creepy person waiting in the alley.,1,1,4,,,,,,
920052259395919875,#MeToo We need to break the silence and we need more men to do that! #Together we did! #mondaymotivation … https:// twitter.com/i/web/status/9 20025090997157888 …,1,1,4,,,,,,
920287466929651712,Be aware and stand up for victims. No one deserved to be harassed or abused. #MeToo,1,1,4,,,,,,
920343384006336512,#MeToo,1,1,4,,,,,,
920850391172046848,What sort of pervert gropes an 11 year old? Maybe that's why I thought it was normal for that dude in the military to be such a dick #MeToo,1,1,3,,,,,,
920268424835563521,At age 4 i was sexually assaulted by the 16 year old son of my baby sitter. I will never forget Steven White as long as I live. #metoo,1,1,3,,,,,,
922121101315948545,#MeToo applies to every female who’s ever worked for the white male establishment. #NotAnExaggeration https:// twitter.com/kylegriffin1/s tatus/922116064028356608 …,1,1,4,,,,,,
919904862367830017,"Every time I walk by myself downtown, some man's gotta tell me how good I look or that I should smile. #metoo",1,1,2,,,,,,
920692598616002560,Dear Daddy Ad | Never tolerate violence against women #metoo https:// youtu.be/Ihk66LtCLvc,1,1,4,,,,,,
920044617801830400,By my very first boyfriend for about 1 1/2 years. #MeToo,1,1,4,,,,,,
920024315789266947,#MeToo https:// twitter.com/Alyssa_Milano/ status/919659438700670976 …,1,1,4,,,,,,
920271370176606208,"I am okay with you people posting #MeToo and I support it, but you how dare you say #NotAllMen is bullshit?!?!?!"" I AM TIRED OF THIS.""",1,1,4,,,,,,
919900100058419200,It's time In France it has become #balancetonporc http://www. france24.com/en/20171015-fr ench-women-flood-twitter-denounce-pigs-1?ref=fb_i … In other parts #MeToo http://www. abc.net.au/news/2017-10-1 6/what-is-the-metoo-campaign/9055926 … And beyond?,2,,,,,,,,
919888024875556865,Baloch and Proud Balochistan #Balochistan #Baluchsitan #Kashmir #PakArmy #PakistanZindabad #IshaqDar #LiaquatAliKhan #UN #MeToo pic.twitter.com/LvrFlNYAU8,2,,,,,,,,
921086417085915136,Bill Clinton accuser Broaddrick slams Lewinsky over ' #MeToo ' tweet http://www. foxnews.com/politics/2017/ 10/19/bill-clinton-accuser-broaddrick-slams-lewinsky-over-metoo-tweet.html … via the @FoxNews Android app,2,,,,,,,,
920028135902429184,#MeToo,1,1,4,,,,,,
919871884870803456,Yes. #MeToo #YesAllWomen,1,1,4,,,,,,
919899902754414594,#WeDo #MeToo https:// twitter.com/safehorizon/st atus/919740849008803840 …,1,1,4,,,,,,
919838458838966272,"I made the homeless man cry, I wasn’t trying to, he called me powerful and I trust shaking his hand, thank you #MeToo",1,1,4,,,,,,
921100041888129024,#MeToo http:// fb.me/3hUpn1bjC,1,1,4,,,,,,
920068691190059009,#MeToo,1,1,4,,,,,,
919925192566157314,I've been debating whether to post about my experiences. Because sexual assault is still played down as 'not that bad' #MeToo,1,1,4,,,,,,
924726848751271942,#MeToo : Obama campaign paid $1mln to law firm that hired Fusion GPS: http:// ift.tt/2xwvJOX,2,,,,,,,,
920987262611087362,"Instead of writing one of many examples of #MeToo sexual harrassment, I thought I'd recap the stupid and... http:// fb.me/7ytw16f9H",1,1,4,,,,,,
920379267967606790,"complaints this time were swiftly addressed and, fortunately, the dirty jokes stopped. (I still work with these guys, and... #MeToo /14",1,1,2,,,,,,
920200040488062976,#MeToo,1,1,4,,,,,,
920182303120338945,"No offense intended to the #metoo movement, as acknowledging the the facts of male power abuse is a necessary step to solve... (cont. below)",1,2,4,,,,,,
919864511347216384,#MeToo https:// twitter.com/ankelaterveer/ status/919851721358237696 …,1,1,4,,,,,,
920123424940478466,#MeToo,1,1,4,,,,,,
920692836386967552,"#MeToo abusers are the men your mother told you to call uncle. The women you call aunty. You're so called older cousins, that family friend",1,1,4,,,,,,
920052993604669442,"#MeToo Respect for each person’s choice, please. No guilt, please. No pressure, please. Understanding, please.",1,1,4,,,,,,
919938382242951169,#metoo,1,1,4,,,,,,
923857309670948865,"Sexism: Male Perpetrators, Female Victims? @Birgit_Kelle talks about #MeToo and #Weinstein on #DWQuadriga http:// p.dw.com/p/2mYy1 pic.twitter.com/Cy9I4nt4ek",1,1,4,,,,,,
919878012375515136,#MeToo It's still stuck in my head to this day.,1,1,4,,,,,,
919870075565309954,"#MeToo Because he could, so he did.",1,1,4,,,,,,
920126571574423553,#MeToo Have you been a part of this movement? Hear from a victim who overcame sexual abuse and a counselor http:// abc6.wjbf.com/2zubuTn?utm_me dium=social&utm_source=twitter_WJBF …,1,3,4,,,,,,
920007090005037056,#metoo Stop the violence. Stop the stigma that encourages silence.,1,1,4,,,,,,
919884444911013888,#MeToo Fuck you for touching my breasts multiple times in the break room secretly in front of my colleagues n trying to get lower,1,1,3,,,,,,
920275743426224128,Narcissists are prone to rape! https:// youtu.be/rCfpnqKyhHY #MeToo It is a superiority thing! Ego can't stand rejection!,1,1,4,,,,,,
920741447577595904,"They didn't see it, therefore it didn't happen. But it did and it does. #MeToo https:// twitter.com/juliedeloca/st atus/920726088086622208 …",1,1,4,,,,,,
924761947593150464,The whole world is piggybacking on Weinstein case it's called #metoo #rapistsoffourstreets,1,1,4,,,,,,
919926056966131713,#MeToo . More than once. With bystanders and without. The scale of this is terrifyingly huge.,1,1,4,,,,,,
921761143189671936,"The unexpected, paradigm-shifting power of #MeToo https:// qz.com/1104276 via @qz",1,1,4,,,,,,
920113626232639488,#metoo pic.twitter.com/WZvRtrpFPp,1,1,4,,,,,,
920113084840022016,#metoo,1,1,4,,,,,,
922374000977895424,Hugs from France! #metoo,1,1,4,,,,,,
920959425199919104,#metoo,1,1,4,,,,,,
919916116960358402,"#MeToo If all women who’ve been sexually harassed or assaulted wrote Me, too"", we might give a sense of the magnitude of the problem.""",1,1,4,,,,,,
920265704720551937,#MeToo,1,1,4,,,,,,
9.19888E+17,"Hey men, take your time & read the #MeToo tweets. It's up to us. Talk about it & learn from it! Solidarity with all those affected by it.",1,1,4,,,,,,
921659725636358144,Humble Libertarian: The Value of #MeToo https:// trib.al/euZoh3h,1,1,4,,,,,,
920051819425837056,#MeToo And I still make excuses for the abusers because I dressed provocatively. No excuses. Not my fault.,1,1,4,,,,,,
920286837876449280,"In Boston, NYC, London, Rome, Madrid, Buenos Aires. On the street, at bars, in the office, on the subway. #metoo",1,1,4,,,,,,
920159726612172801,#MeToo stop the nonsense 1 in 20 women will be raped in their life 1 in 21 men will be made to penetrate in their life (CDC statistics),1,1,4,,,,,,
921017596497022976,Excellent and moving piece from @mkhammer for @fdrlst on #MeToo http:// thefederalist.com/2017/10/19/wan t-everyone-especially-daughters-know-metoo-experiences/ …,1,1,4,,,,,,
919996824957489157,"Still scared of this person, but #MeToo",1,1,4,,,,,,
920363540506013696,#MeToo because myself and every woman I know has innumerable stories in their past that go untold because assault is so normalized,1,1,4,,,,,,
920047974901735425,#metoo . Was amazed by the #of women who said “me too” when I shared my story after it happened in 2005. Glad it’s trending #breakthesilence,1,1,4,,,,,,
920812736749195264,its easy for a man to #ImWithKap when the women in his life been #MeToo by the military,2,,,,,,,,
921894862764441602,"BTW, in all seriousness #MeToo",1,1,4,,,,,,
920992157284077569,"So it's just that easy? Just call people out and society will believe you and punish them? It hasn't worked, that's why #MeToo is happening. https:// twitter.com/marknutter/sta tus/920866246626746368 …",1,1,4,,,,,,
920367033098764288,#MeToo,1,1,4,,,,,,
920262733899141120,#metoo you shouldn’t have to suffer in silence. you do not deserve to be punished.,1,1,4,,,,,,
921721139122003968,"#MeToo This is a reminder that all men are not dogs"". Not all of us ogle, or pass lewd comments, or try to touch inappropriately. #NotMe""",1,1,4,,,,,,
921364477450190848,@Twitter @TwitterFrance @TwitterUK @TwitterCanada @DrPhil @OmahaPolice @TheEllenShow #MeToo Annette Marion and cpms… https://www. pscp.tv/w/bLidKDFyYWpa eFlEemxsUXp8MW1ueGVyTWJ6cVdLWKlX_h-cv_bX0sIuQPa_DWR9tj5YhgEcQu3_8wMMEh_l …,2,,,,,,,,
920203595378671616,Nobody realizes how much it haunts a girl. What you men do it for lasts in our memory lifelong. #MeToo,1,1,4,,,,,,
920102052264595456,#MeToo,1,1,4,,,,,,
920126634258153472,"people won't always believe you, but i will #MeToo",1,1,4,,,,,,
920379687167082496,#MeToo,1,1,4,,,,,,
920987244873355264,"Seriously, Lewinsky marking herself as a victim of sexual assault with the hashtag #MeToo ?",1,3,4,,,,,,
919891690290376704,#metoo,1,1,4,,,,,,
920024519024234497,"For several days I have been to scared, of backlash, of the shame and of admitting the fact, but that is the whole point of this #metoo",1,1,4,,,,,,
921057438463332352,#MeToo,1,1,4,,,,,,
920083143931019264,#MeToo,1,1,4,,,,,,
920065095043973120,#MeToo movement brings attention to sexual assault http:// dlvr.it/Pw0vxq pic.twitter.com/ED6QQko6TW,1,1,4,,,,,,
920278027740893184,#MeToo - I was 1st molested at age 9yrs by my mothers husband.This tweet was over 1000+ characters so cld not send. Moms listen 2 your child,1,1,3,,,,,,
920349884145897472,"He was a “friend”...and yet he thought it was funny to snap our bra straps, unclasp our bras, make comments about our bodies... #MeToo",1,1,3,,,,,,
919882001058074624,#BREAKING #NEWS : Women are using the #MeToo hashtag to show how commonplace sexual assault and harassment are http:// nyti.ms/2gIPJHS …,1,3,4,,,,,,
919819683003379712,I had three incidents in less than 1.5 years in one of the safest cities in Canada. #MeToo 1/2,1,1,4,,,,,,
922203953688928256,"If Batsheva had had the chance, would she have tweeted #MeToo ? http:// fb.me/RrjQqCA4",1,3,4,,,,,,
922114782311960576,"Hear, hear! If we can get millions to say #metoo , We should be able to get millions to say #STOPIT too.",1,1,4,,,,,,
921364287591010305,Inside Her Story: #MeToo Was Created By A Black Woman - Your browser does not support iframes. In the rise of H... http:// ow.ly/e9Ij50eIwVf,1,3,4,,,,,,
920298994907189248,"Yup, Jerry Jones and Harvey Weinstein are the SAME, INEQUALITIES for kneelers and women otherwise no play in games & movies #METOO",1,2,4,,,,,,
919933987203796992,#MeToo,1,1,4,,,,,,
919981795248103424,#MeToo pic.twitter.com/y9aMVbpWOV,1,1,4,,,,,,
920129508954509313,"in a world where i was told it was my fault, #metoo",1,1,4,,,,,,
920721300380946432,#MeToo,1,1,4,,,,,,
920171546475401216,#MeToo,1,1,4,,,,,,
919888736669896704,There's been a lot more than just harassment. #MeToo,1,1,4,,,,,,
919956361315848197,#MeToo Hope it goes OK lovely x,1,1,4,,,,,,
921166202675912704,#metoo,1,1,4,,,,,,
920318612233125888,@violadavis #MeToo https://www. instagram.com/p/BaWuSkXg1gj/,1,1,4,,,,,,
921288364329918464,2/2 & that coupled with the whole #metoo thing & all the women who can’t hashtag their experiences out of fear etc has really got me down.,1,1,4,,,,,,
921001448753827841,Men paralyzed by #MeToo : Here’s why you need to speak up—and how https:// qz.com/1104619 via @qz,1,1,4,,,,,,
920116443819204608,#metoo,1,1,4,,,,,,
921657799209357313,"In wake of #MeToo , imagine how many more people have realised that gender analysis matters beyond 'women's issues'. That it's about POWER.",1,1,4,,,,,,
920348727025397760,"I hope the women shouting #metoo and the men and people around them will #sayhisname . If you aren't alone, then you aren't alone! Share",1,1,4,,,,,,
920099996237778945,I'm surprised when ppl are surprised about how common it is. #MeToo,1,1,4,,,,,,
919983083742302209,#MeToo and most recently it was because I was walking home in a fully zipped up jacket and a jacket.,1,1,4,,,,,,
920769823310860288,#MeToo,1,1,4,,,,,,
920076117033308160,#MeToo,1,1,4,,,,,,
921504683331485696,Some of the same folks who claim to support #MeToo are ALSO those who CONSTANTLY hit on news personalities on social media! #abc7eyewitness,1,2,4,,,,,,
919990717375639553,#metoo,1,1,4,,,,,,
919921673687539712,"I spent most of the first 18 years of my life in a swim suit as a competitive swimmer and lifeguard, so, yeah... #MeToo",1,1,4,,,,,,
920083215670321152,#metoo,1,1,4,,,,,,
920067802723225601,"#MeToo Lord Jesus, help those who have been hurt.",1,1,4,,,,,,
919942347059757061,"#MeToo Me too. We don’t really need to give the details, do we?",1,1,4,,,,,,
922582162003685377,Want to share your #MeToo story? We're providing a safe space and open mic this Wednesday at the monthly Kiss & Tell w/ @WeAreSlutTalk pic.twitter.com/9GW0V4W9PE,1,1,4,,,,,,
920125708218830848,"#MeToo And I never even thought it was bad enough to tell anyone, when I was 5 and when I was 13 on the school bus",1,1,4,,,,,,
920101886077710337,"How teaching boys not to rape"" brings a stigma on male population. How not a single damn #metoo is about men & their abuse.""",1,2,4,,,,,,
920202356750540800,13 years old #MeToo,1,1,4,,,,,,
920935286502146048,Exactly. The negative voices have to stop. It was her life experience. THAT COUNTS. Why negate that?! #metoo https:// twitter.com/ellenbarkin/st atus/920770158775427074 …,1,1,4,,,,,,
921504573747027969,@Aylssa_Milano and @GMA #MeToo Kids father gave me herpes and sexually assaulted me during relationship. #NowImhealing,1,1,3,,,,,,
919987028615421952,I'm a #MeToo and my dm's are open for those who need somebody to talk with,1,1,4,,,,,,
923465585945726976,#MeToo pic.twitter.com/vEtUI4duF8,1,1,4,,,,,,
919940429621194752,#MeToo,1,1,4,,,,,,
919882097807982592,#MeToo can we go back?,1,1,4,,,,,,
920004167657193473,what she said #metoo #itsallofus https:// twitter.com/allison_carlee /status/919993804039450624 …,1,1,4,,,,,,
922022566033870848,#canada .. Remember this one.. Meet the moron of the #USA .. #Trump #puppet #potus #trumprussia .. #metoo #Weinstein .. pic.twitter.com/N2VPotcu4l,1,3,4,,,,,,
924023834507853824,And Betsy DeVos in The college system to protect the perps #MeToo,1,3,4,,,,,,
919921285144170496,#MeToo #MoiAussi,1,1,4,,,,,,
920299996553121793,#MeToo I was in Middle School the first time.,1,1,4,,,,,,
920194353154289664,#metoo #virginmary pic.twitter.com/DguhHYL6BS,1,1,4,,,,,,
919885858454433792,I was molested at 7. Only complaint I had was she scraped her teeth when going down. #MeToo,1,1,3,,,,,,
920632712251236352,Excited about speaking at the ARDX Foundation Mental Health Wellness Conference on 10/20 in Chesapeake VA. #MeToo #gettingitright pic.twitter.com/4OCq711cSJ,1,3,4,,,,,,
919836578129649665,#MeToo,1,1,4,,,,,,
920023636404330497,"Harvey Weinstein scandal: #metoo raises awareness of magnitude of sexual assault, harassment http:// canada.trendolizer.com/2017/10/harvey -weinstein-scandal-metoo-raises-awareness-of-magnitude-of-sexual-assault-harassment.html … pic.twitter.com/8sZj5ftrcN",1,3,4,,,,,,
923144791029964800,#MeToo I sold sex to fund my unpaid internships. Poor kids are still battling the class gap https://www. theguardian.com/commentisfree/ 2017/oct/25/sold-sex-fund-unpaid-internships-poor-kids-battling-class-gap … #sexwork #waronwomen,1,1,3,,,,,,
924242597333397504,I want whatever it is that @PressSec MUST be taking to sleep at night. #MeToo #harrassment #supportdontslander https:// twitter.com/washingtonpost /status/924001207030513664 …,1,3,4,,,,,,
921112885866229760,"Wow, I had no idea about this person. I'm very sorry for what happened to you. #MeToo",1,1,4,,,,,,
920670219143561216,I find comfort in knowing I'm not alone #MeToo,1,1,4,,,,,,
919919767091384322,#MeToo starting at a young age. Completely messed me up.,1,1,4,,,,,,
920327759934533632,#Metoo #boystomen is who i really feel for ...scared to speak for shame #Secretsandlies kill them #CoreyHaim @charliesheen @Corey_Feldman,1,1,4,,,,,,
920380549570600960,#MeToo : BBC correspondent tells of harassment by colleagues http:// dailym.ai/2yxRIs7,1,3,4,,,,,,
920327658730291203,A man grabbed my ass while at a party in New York. I told security. They didn't believe me until it happened to another women. #metoo,1,1,3,,,,,,
920335813828861952,Pretty women stealing jobs from ugly women is not nice. I defend ugly women. Thugs and rapists don't. #metoo,2,,,,,,,,
920892045862080513,#Breaking . #MonicaLewinsky is with @realDonaldTrump . (based on sources and common sense). #MeToo . @zlando @Anutfish @dorbar @DonaldJTrumpJr https:// twitter.com/KevinStAug/sta tus/920825385738268672 …,1,3,4,,,,,,
919956896953577472,To all of you who blame yourselves and feel ashamed because “I shouldn’t have put myself in that situation” its not your fault. #MeToo,1,1,4,,,,,,
920059293554094080,#metoo,1,1,4,,,,,,
921561375478083584,Another awful tale from an Olympic champion about assault & the apolitical pain it brings. Such courage. #MeToo http:// dailysignal.com/2017/10/20/im- a-conservative-who-was-roofied-by-a-stranger-heres-what-i-think-of-me-too-hashtag/ …,1,1,4,,,,,,
920058861305901056,#MeToo Let’s change the statistics to point to the real culprits pic.twitter.com/skkajvNBZU,1,1,4,,,,,,
920021566376816640,#MeToo it's amazing how many of us have been assaulted!,1,1,4,,,,,,
920682426057101313,The #MeToo of My Tween Acting Career: http:// lisarosman.com/2017/10/the-me too-of-my-tween-acting-career/ …,1,1,4,,,,,,
920321327461933056,#metoo as we support the victim https:// twitter.com/logicalbakar/s tatus/920321127611633665 …,1,1,4,,,,,,
920176027736797184,#metoo https:// twitter.com/Alyssa_Milano/ status/919659438700670976 …,1,1,4,,,,,,
920689003858415618,#metoo,1,1,4,,,,,,
924008245571833856,"hey, me too. • • • • I really debated if and how I wanted to speak up about the #metoo movement, and I finally wrote it down. check it out … pic.twitter.com/2XUydJopw7",1,1,4,,,,,,
920711916879826944,Reading all these stories of assaults from the #metoo campaign is making me relive things I’d rather not.,1,2,4,,,,,,
923213716765790208,"I wish Gretchen luck. Congress just took away Americans right to sue, reinstated mandatory arbitration in financial contracts. #metoo",2,,,,,,,,
920408050422358016,"#MeToo For the first time at the age of 12. So many women have their own #metoo stories. Yes, stories plural. Let that sink in.",1,1,4,,,,,,
920107866966519811,#MeToo Floods #SocialMedia With Stories of Harassment and Assault http:// dlvr.it/Pw24HQ #NYT #Business,1,1,4,,,,,,
921034073530871810,Important reminder: sexual abuse/sexual assault is never the victim/survivor's fault. #endvictimblaming #MeToo pic.twitter.com/sfuYyW7U6x,1,1,4,,,,,,
923720954659901441,Because being told you aren’t allowed to leave until I had sex with her after she hid my phone and keys #MeToo,1,1,3,,,,,,
920132933557526528,The amount of people I have seen tweet and Facebook #MeToo is too many. Just One is too many. https:// twitter.com/vicecanada/sta tus/920129749732790272 …,1,1,4,,,,,,
920071900474175490,"I’ve had grown men try to get into my car, follow me on my walk to school, and try to “flirt” with me when I was only 10. #metoo pic.twitter.com/gU2xJa4GzH",1,1,2,,,,,,
923897841537486848,The DOJ Sexual Assault Justice Initiative could help #MeToo create lasting change: http:// urbn.is/2gGgdcj via @urbaninstitute,1,3,4,,,,,,
921014296376676353,Ellen DeGeneres admits unwanted sexual attention and says #metoo : Chat show host Ellen… https:// goo.gl/fb/LhcExZ,1,1,2,,,,,,
920037570620395521,#metoo,1,1,4,,,,,,
923616664620617728,#MeToo We've had enough of institutionalized #sexualharassment in the restaurant industry. Join our conversation. http:// bit.ly/2yOLioQ,1,1,4,,,,,,
921229621126823936,#MeToo,1,1,4,,,,,,
919881517442068480,#Metoo,1,1,4,,,,,,
921525903271723008,:( #MeToo,1,1,4,,,,,,
923994897295822849,Janis Paige at 95 years old and will never forget #metoo https:// twitter.com/THR/status/923 991748556279816 …,1,1,4,,,,,,
924231285542936576,You'd often hear the rumblings of this from people. What an eloquent piece @gracedyas #MeToo https:// twitter.com/gracedyas/stat us/923999107051655169 …,2,,,,,,,,
920090171260964864,"Traveling as a woman alone, or with other women. Men are always trying to help."" Some situations have become scary (in the US too). #metoo""",1,1,4,,,,,,
922133903246282754,#TalkthatTalk #LloydaNicholasGarrett #craziebeautiful #Weinsteined #Weinstein #Metoo #Guyana #GuyanaChronicle pic.twitter.com/lrQjVuZKQW,2,,,,,,,,
919954887546408960,#MeToo because I still think about it everyday,1,1,4,,,,,,
920232220526370816,"When you try to know more about this new guy and engage in a deep meaningful conversation but all he asks is a selfie"". #MeToo""",1,1,1,,,,,,
919868670154862592,"It's saddening to see so many #metoo stories on social media. But, I have to admit it's NOT AT ALL SURREAL.",1,1,4,,,,,,
920064435930255360,#metoo,1,1,4,,,,,,
920875574217895941,"After Harvey Weinstein, women around the world are saying #MeToo - The Denver Post https:// apple.news/AgiM67qLxQuC5W D5EE6HvMA …",1,1,4,,,,,,
920006585442885633,@MeToo pic.twitter.com/rDJya7GUvF,1,1,4,,,,,,
919922341143912449,It breaks my heart to see all the “ metoo ’s” but at the same time I hope this wakes people up.,1,1,4,,,,,,
920340445238124551,#MeToo,1,1,4,,,,,,
920806278934315008,"For as advanced & sophisticated a time we live, in regards to sexual equality, we aren’t terribly far from the stone ages. #MeToo #ChangeNow",1,1,4,,,,,,
920433192993046528,"I'm an adult and if I'm home alone and the doorbell rings, I don't answer it. Because I'm 100% legit afraid I'll be raped. #MeToo",1,1,4,,,,,,
920261826352504832,"No company, ever, should feel the need to fit rape alarms in the women's toilets. #metoo ... http://www. clarejosa.com/articles/metoo/ via @clare_josa",1,1,4,,,,,,
925102665025118208,Kevin spacey is a disgusting animal who’s using being gay as a cover up I fully support @albinokid as I’ve been through #Metoo as well,1,1,4,,,,,,
920015010792968194,#MeToo https:// twitter.com/nicolemfuentes /status/920002488090152960 …,1,1,4,,,,,,
920850645879369728,@TaranaBurke TY for creating the #MeToo campaign. #CreditWhereCreditIsDue #MeToo,1,1,4,,,,,,
919881793519673344,AMEN #MeToo https:// twitter.com/scalpelslutt/s tatus/919872508240769024 …,1,1,4,,,,,,
920702742166896647,#metoo,1,1,4,,,,,,
919947313317072896,I thought no one would take my rape seriously as I'd gone for a couple of drinks with this guy #MeToo,1,1,3,,,,,,
919876143372816384,#MeToo https:// twitter.com/Pappiness/stat us/919752795280027648 …,1,1,4,,,,,,
920043306633056256,#MeToo ... twice...6 and 11... I don’t carry that Scarlett Letter anymore... #Survivor,1,1,4,,,,,,
921302789841735680,#MeToo,1,1,4,,,,,,
919965486779129857,"The Metoo hashtag was about sexual harassment and sexual assault. Big difference b/t the 2, and big difference b/t sexual assault and rape",1,3,4,,,,,,
920713976178249738,#metoo,1,1,4,,,,,,
919952583078400002,#MeToo,1,1,4,,,,,,
919859928025595905,Check out this map showing how safe #Women feel on the streets of USA.. #MeToo Speak out and report #Harrassment ! .. http:// bit.ly/1pyURA7 pic.twitter.com/anAppeReDQ,1,1,4,,,,,,
921172364280307712,Woman raped by Bill Clinton calls out Monica Lewinsky #MeToo http:// dmlnews.com/woman-raped-bi ll-clinton-calls-monica-lewinskys-metoo/ …,1,1,4,,,,,,
919922258772156416,My take on the #MeToo tag as i attempt to call men to a place of acting and just being better https:// brettfish.co.za/2017/10/16/met oo-invisible-men/ … @Alyssa_Milano,1,3,4,,,,,,
920285359304527872,TAINTED WITNESS author Leigh Gilmore on @npratc 'This is about refuting a toxic culture' on the #MeToo hashtag https:// n.pr/2x1jee1,1,3,4,,,,,,
919974997615104002,#MeToo pic.twitter.com/blRi86kPas,1,1,4,,,,,,
921094648176705536,#MeToo Something no one knows but someone needs to know right,1,1,4,,,,,,
920761330256228352,"Thanks to every man using #HowIWillChange to show support to the #MeToo movement <3 There's hope, let's work hand in hand!",1,1,4,,,,,,
920063518405210112,I will not be ashamed because it happened to me. #MeToo,1,1,4,,,,,,
9.20026E+17,#MeToo,1,1,4,,,,,,
920016943012352001,"#Metoo , for every time I had to smile uneasily, change the conversation, wish to disappear, stand far away, look behind me ...list goes on https:// twitter.com/Oxfam/status/9 20008981850001408 …",1,1,4,,,,,,
921577105883766784,"Um... the  MeToo "" campaign was created for women to speak out against sexual assaults they've actually experienced. It does not apply here.""",1,3,4,,,,,,
919922420739387393,"Too many instances to list. Unfurl your damp sheets into the light, sisters. Shame need not live in your house any longer. #meToo .",1,1,4,,,,,,
920177125876838400,Sad to say it happens to a lot woman & young girls and it's Never reported But Now woman have a VOICE #MeToo #empoweringwomen #Respectwomen,1,1,4,,,,,,
919860098620518400,#metoo pic.twitter.com/zEZueeNX75,1,1,4,,,,,,
919950391932006400,#MeToo,1,1,4,,,,,,
922548457738571777,So proud of everyone who added their voice to the conversation. <3 #metoo #attentionallmen #IWill #HowIWillChange https:// twitter.com/Alyssa_Milano/ status/919659438700670976 …,1,1,4,,,,,,
921605659963068417,What has the #MeToo campaign brought up for you? This is something I wrote yesterday. Lots of stuff came up... http:// fb.me/1D9AcphgA,1,3,4,,,,,,
919885075877191680,#metoo https:// twitter.com/chapinshadow/s tatus/919693816420012032 …,1,1,4,,,,,,
923570542929743874,Worth a read as a #conscious human...irrespective of gender. What decent men can do in response to #MeToo @CNN http:// cnn.it/2gAtsz4,1,3,4,,,,,,
920422224431079424,People who are annoyed&uncomfortable seeing #MeToo everywhere are part of the problem. Quit making women feel guilty for shit they didn't do,1,1,4,,,,,,
919954701743001600,#MeToo,1,1,4,,,,,,
919885584193277952,140 characters isn't nearly enough to describe the number of times... #metoo,1,1,4,,,,,,
920406235396100097,#MeToo,1,1,4,,,,,,
920132637154578433,"To echo #MeToo : Men, pledge to not harass women—perhaps more importantly—call it out when you see it happening. #Iwont pic.twitter.com/WvVox7BgCo",1,1,4,,,,,,
920326415429619712,#metoo .,1,1,4,,,,,,
920921568984883200,McKayla Maroney & Other Female Celebrities Share Gut-Wrenching #MeToo Stories http://www. evanino.com/mckayla-marone y-other-female-celebrities-share-gut-wrenching-metoo-stories/ …,1,3,4,,,,,,
921323994632081408,#MeToo harassment of women by men not only in public or not only by strangers but it starts right from the home,1,1,4,,,,,,
921395953017540608,The latest Veritas International! https:// paper.li/MUDDLAW/136097 0478?edition_id=5658d6e0-b5aa-11e7-adba-002590a5ba2d … #brexit #metoo,2,,,,,,,,
920046128594333699,Do tell me if you're a woman and you've never experienced sexual harassment or assault #MeToo,1,1,4,,,,,,
920265584662609920,Respect my voice. Respect my body. Respect me. #MeToo https:// twitter.com/aldegroup/stat us/920216718424846336 …,1,1,4,,,,,,
920107913162604544,I wish I could say it wasn’t #MeToo,1,1,4,,,,,,
920007209064521729,#metoo,1,1,4,,,,,,
919968192289804289,#MeToo I started a relationship to mentally normalize my assault & cope. You'll never guess how the next three years went...,1,1,4,,,,,,
919977441254412293,"#MeToo abusive ex boyfriend, weird guy in Paris...still working on overcoming the fallout 10 years on",1,1,4,,,,,,
921529203396399105,Whitney Houston - It's Not Right But It's Okay #girlpower #metoo #klaarmee https://www. youtube.com/watch?v=6J538b -OLRU&feature=share …,1,1,4,,,,,,
919912791888216064,"#MeToo A father figure I went to for support said, I don't know what you're complaining about. You're not bleeding.""""",1,1,4,,,,,,
920066497900244992,Me too. #MeToo,1,1,4,,,,,,
919976802340229120,#MeToo,1,1,4,,,,,,
920297960377847808,Sinoc sam #Metoo,1,1,4,,,,,,
919947759465136130,Work and sexual harassment does not belong in the same sentence #metoo,1,1,4,,,,,,
922446472859213824,"Another must-read, poignant & thoughtful piece by my friend @carrie_gour Not So Shocked: #MeToo https://www. huffingtonpost.com/entry/not-so-s hocked-metoo_us_59ea19e0e4b032f98fa30d26?ncid=engmodushpmg00000004 … via @HuffPostBlog",1,3,4,,,,,,
924682480162168834,"The issue isn't the emoji. It's about co-opting MeToo , which is about sexual assault and harassment, NOT agreement about anything political",1,3,4,,,,,,
920206478530764800,"#MeToo Because no matter what the circumstances were, It wasn’t our fault.",1,1,4,,,,,,
921508444796063744,@Jessicka I believe you. I was 6 when my cousin started messing with me. I didn’t face it for decades. Stay strong. #MeToo #Strength https:// twitter.com/jessicka/statu s/921409003007066112 …,1,1,4,,,,,,
921139949365215232,#MeToo,1,1,4,,,,,,
922981397010059264,I bet you are a guy out here to spread lies about rape. Cause you act like it. #MeToo,1,3,4,,,,,,
920109124179906560,"#MeToo Not sharing stories, but ANGRY at people saying these things should be considered compliments. Tired of the excuses.",1,1,4,,,,,,
919834066790346753,#MeToo #WomenWhoRoar,1,1,4,,,,,,
920097003916361730,"If it left you uncomfortable, nervous, paranoid, distrusting, or hurt you have the right to #MeToo no level of harassment is okay",1,1,4,,,,,,
919936644605554688,"Agonizing to see the number of #MeToo . Sadly not surprised. Worse still the number of my fellow men who will ignore, deny & continue.",1,1,4,,,,,,
919824211027296257,Why do black people always have to be compared to the gay comnuties or kids or women? Are we that vulnerable? Damn respect me a man! #MeToo,2,,,,,,,,
920051897691770880,"sad thing about #MeToo is that not only can most girls I know be included in this, but most girls I know can also remember NUMEROUS times this has happened to them",1,1,4,,,,,,
921072435625103360,#MeToo I know we are millions,1,1,4,,,,,,
920424870734790657,I think everyone is out to sexually assault me just because they look at me or act friendly. I need a contract to go on a date. LOL #MeToo,1,1,4,,,,,,
920120035795902464,Hopefully that women has said #MeToo .,1,1,4,,,,,,
921136606697758720,"I am a survivor, Jimmy Savile assaulted me when I was 18. I only spoke out 5yrs ago. It was hard to talk about after 30yrs. #BeStrong #MeToo",1,1,4,,,,,,
920359320746905600,#MeToo,1,1,4,,,,,,
919888139866472449,When your male co-worker makes sexually suggestive comments #metoo,1,1,2,,,,,,
920127378994626561,"#metoo because we can never be silenced, because we are ever deserving of love",1,1,4,,,,,,
924410662788444160,#MeToo,1,1,4,,,,,,
919895850125492225,This thread. #MeToo https:// twitter.com/meenakandasamy /status/919854310955118593 …,1,1,4,,,,,,
919901139793076224,#metoo,1,1,4,,,,,,
920065312845942790,#metoo Me too,1,1,4,,,,,,
921447663362490368,First date. He climbs on top of me and says no one would hear me if I screamed 'rape' #metoo,1,1,3,,,,,,
921419192376680448,#MeToo,1,1,4,,,,,,
920011636538306560,Please follow #metoo & show support to so many who are using today to open up about personal experiences they've had with sexual assault.,1,3,4,,,,,,
919979282775937024,#MeToo We need to speak up and put a stop to the abusers being able to get away with it...,1,1,4,,,,,,
920671842326728704,#MeTo By which I mean that I helped make possible several of the #MeToo posts I've seen. We are the bad guys. We can end this.,1,1,4,,,,,,
920153274539487232,This #MeToo trend is so eye opening. It’s crazy,1,1,4,,,,,,
920850402895187968,#MeToo hope n pray my girls never have to say that n raise my boy right.,1,1,4,,,,,,
919874168497287168," #MeToo Floods Social Media With Stories of Harassment and Assault"" by ANNA CODREA-RADO via @NYTimes http:// ift.tt/2ysLwSf""",1,3,4,,,,,,
919830748797927425,#MeToo,1,1,4,,,,,,
919846768459898880,They only stopped following when I spun around to scream at them and I looked like I was going to hit them. 1 street from home. #metoo,1,1,4,,,,,,
920930710151729152,The latest Kate's Page! https:// paper.li/cathybabao/134 9080360?edition_id=132cad90-b4a8-11e7-a385-0cc47a0d1605 … #mipcom #metoo,2,,,,,,,,
920079822126309376,#MeToo,1,1,4,,,,,,
919876258565115905,"Walking to work 17yrs ago, in London, a stranger felt he had the right to grab my breast as he walked past. He got away with it. :-( #MeToo",1,1,3,,,,,,
920915497759076352,"At a time when #MeToo is viral people still choose to ask questions like why was she having sex with him?"", ""Why did she not care abt being""",1,1,4,,,,,,
920135600841175040,"The world is a little smaller today. Unsettling as it is, #metoo shows me there is strength in empathy and numbers. my goes out to u all",1,1,4,,,,,,
923134891738521600,Brussels faces its own harassment demons https://www. politico.eu/article/sexual -harassment-brussels-faces-its-own-demons/ … #MeToo,2,,,,,,,,
921902607173644288,Me too #MeToo pic.twitter.com/41JNo9Tz82,1,1,4,,,,,,
920402163708329984,It breaks my heart to read all the #MeToo stories. Respect and love to all of you.,1,1,4,,,,,,
922990101671620613,"I’m Not Afraid Anymore,I’m Just Angry #MeToo https:// twitter.com/rosemcgowan/st atus/922965248834879488 …",1,1,4,,,,,,
920242137354199040,Celebs React To #MeToo Campaign Bringing Awareness To Sexual Abuse https:// trib.al/BkLipL3,1,3,4,,,,,,
919993418247557120,#MeToo,1,1,4,,,,,,
920052795079909376,Advice from my friend Daniel: Hey guys: tomorrow we're going to see a backlash to #metoo . We're going to see... http:// fb.me/OWSIgHou,1,3,4,,,,,,
920160832591482881,"because when you finally have the courage to tell someone, it’s “too late” #metoo",1,1,4,,,,,,
919933261907820544,#Metoo https:// twitter.com/thecut/status/ 919932783367159809 …,1,1,4,,,,,,
920085731418214400,Thousands of courageous #women come out and share their deeply moving stories about #sexualharassment #METOO #WomenSupportingWomen,1,1,4,,,,,,
919858563492777985,Transitional Forms Richard Dawkins and the Darwinists Dream of Having #stakvk #MeToo #Opinion #MondayMotivation http:// goo.gl/bFGsNR,2,,,,,,,,
920259787488743424,"#Metoo Micro-aggressions can’t be quantified as assault but whisper “You’re not welcome”, “Your story doesn’t matter”. 4/7",1,1,4,,,,,,
920331313806172160,October 1986. I was 14. #MeToo,1,1,4,,,,,,
921007890957262848,This #MeToo hashtag is really revealing what so far happened to women when they step out their home. being a man i felt ashamed on this,1,1,4,,,,,,
920036608384077825,#MeToo,1,1,4,,,,,,
920120060890378241,"Reminder that if a woman didn't post #MeToo , it doesn't mean she wasn't sexually assaulted or harassed. Survivors don't owe you their story.",1,1,4,,,,,,
920036181403885568,Probably deleting. I'll wait. But I'm ashamed. I feel like it was my fault and no one should know. #MeToo,1,1,4,,,,,,
922164752746516480,#MeToo hashtag network visualization – Erin Gallagher – Medium http:// fb.me/78M1XnGr2,2,,,,,,,,
919842389086343169,"#MeToo . celebrate every victory, turn the tables on the predators and exact revenge where you can. even if nobody saved us we can still save others. none of us are alone. pic.twitter.com/Y5g1s8kNB1",1,1,4,,,,,,
919897353884024832,#MeToo,1,1,4,,,,,,
919818225931640834,#MeToo https:// twitter.com/MrsTucciAngell /status/919755314467020801 …,1,1,4,,,,,,
920039078996987905,Elementary school. Middle school. High school. College. Every job since college (with one exception). It doesn’t seem to end for us. #metoo,1,1,4,,,,,,
920356674329808896,#MeToo,1,1,4,,,,,,
920307443195924486,#iwill and #ibelieveyou are important advancements of #metoo but so nauseating when some of the people posting them defended your attacker,1,1,4,,,,,,
920107829431885824,#MeToo,1,1,4,,,,,,
921733544862294018,#MeToo : Women Share Stories of Sexual Harassment https:// nyti.ms/2gVj8i3,1,3,4,,,,,,
920661063670140929,"To all of you, out there, sharing your stories, be it on #YesAllWomen , #TheEmptyChair , or #MeToo ... #IHearYou and #IBelieveYou .",1,1,4,,,,,,
919988813669322753,#MeToo,1,1,4,,,,,,
921901604093259777,"#himthough #metoo men, please listen to people disclosing their experiences to you. if you are not sure what to say, just listen.",1,1,4,,,,,,
920069353969737728,#metoo,1,1,4,,,,,,
923969217136914435,"Hey Jackie--nice ass"" strains credulity. But Twitter trending tends to make the incredible worth asserting anyway. #MeToo""",1,1,2,,,,,,
923460917748215809,"@Europarl_EN Debate Combating sexual #harassment & #abuse in the #EU "" with @MalmstromEU #MeToo (OR) [VIDEO]: http:// youtu.be/9omfQqPuc2A pic.twitter.com/veLnsM2nFw""",2,,,,,,,,
920083042508648448,#MeToo,1,1,4,,,,,,
921027739062239232,all these #METOO actresses have done NUDE SCENES,1,2,4,,,,,,
920152574581510144,I met a MP when I was srchng 4 a sponsor 4 the fight agnst addiction. He suggested 2 let's go for trip #metoo,2,,,,,,,,
920105058993426432,"Resolve to be a decent man. Resolve to raise decent men. As good as men do for the world, these #metoo posts are sickening to read.",1,1,4,,,,,,
920842028728057856,The latest The Metaphysical Stuff Daily! https:// paper.li/Sara_Valor/met aphysical-stuff?edition_id=d9871a20-b476-11e7-8bb0-0cc47a0d1609 … Thanks to @Akashic101 #metoo #podcast,2,,,,,,,,
920094829710897152,My story #metoo pic.twitter.com/2Tqxkulaco,1,1,4,,,,,,
920291151961362433,"Sometimes when I start to feel comfortable with someone & tell them my #MeToo experiences, they get too uncomfortable so I apologize pic.twitter.com/WD4M8CvWno",1,1,4,,,,,,
920153786965880832,I'm shocked at how many #MeToo tweets there are. I had no idea it's happen to so many. I'm so sorry for anyone who's been through it #NoMore,1,1,4,,,,,,
920331211570143232,I’m a #metoo too,1,1,4,,,,,,
923367917890260992,TNOWC KIRBS SISTAH GIRL NIGHT #MeToo pic.twitter.com/p84NwwHO2u,2,,,,,,,,
919838988264968192,Halloween Skull Leather Costume For Men - Leather Jacket Inn #MondayMotivation #r4today #MeToo #Jackets https:// buff.ly/2yrjlTh pic.twitter.com/EDO0VbvTaT,2,,,,,,,,
920732978996760577,Gold Medal Gymnast McKayla Moroney Joins #MeToo Movement http:// dlvr.it/PwP6tP,1,3,4,,,,,,
920084051368841217,#metoo pic.twitter.com/r1B6uGXuGs,1,1,4,,,,,,
920302292842287105,Thank you @hodakotb @KathieLGifford &amp; @GretchenCarlson for making speak up about my scars as a domestic violence victim. I AM STRONG. #metoo,1,1,4,,,,,,
920315802443702272,"What would happen if one woman told the truth about her life? The world would split open"" - Muriel Rukeyser #MeToo""",1,1,4,,,,,,
920309386488242176,#metoo I pray for every single woman who has ever been assaulted or harrassed. My mother… https://www. instagram.com/p/BaWqHLHDKHW/,1,1,4,,,,,,
920663542965194752,“I Was Suspended from Facebook for my #MeToo Post” by @dcopaken https:// medium.com/@dcopaken/sund ay-night-like-so-many-other-women-i-created-a-metoo-post-65574472c33e …,1,3,4,,,,,,
920275867594403843,". So in response to #metoo , how about men responding #nomore or #neveragain . Come on guys, you need to be in this with us.",1,1,4,,,,,,
923994656874123264,#ROSEARMY #MeToo pic.twitter.com/otjGm0uw7N,1,1,4,,,,,,
919927242293153793,#MeToo,1,1,4,,,,,,
920126374001614848,#wokebae #metoo https:// twitter.com/bambudepistola /status/920108454672400384 …,2,,,,,,,,
922108023056805888,"For every #metoo I think of good men I love - how I wish my big bro could have rendered aid. W/ force if nec. For me, for you all. #metoo",1,1,4,,,,,,
920028721721069568,#FaceOfMeevee #MeToo #womenofworld #unicef #traditional #face #eyes #beauty #of #world #beautiful #stream #live #event #nigeria pic.twitter.com/awefHakogS,2,,,,,,,,
924543975960092672,#MeToo https:// twitter.com/SoDamnTrue/sta tus/924500294133788673 …,1,1,4,,,,,,
920045572559704066,#MeToo First time at 13. Multiple times at work.,1,1,4,,,,,,
920717977024106499,"Tip #1: Start conversations about safety when your kids are young"" @RAINN01 https://www. rainn.org/node/2148 #ChildSexualAbuse #MeToo #Consent #Rape""",1,1,4,,,,,,
920711286991851521,#metoo https:// twitter.com/esquirelat/sta tus/920711078459445251 …,1,1,4,,,,,,
920130533409021952,#MeToo & I pray for you pic.twitter.com/fVMxYkSYpW,1,1,4,,,,,,
920026922385424384,It's so hard for me to come out and say #MeToo,1,1,4,,,,,,
924979601331376128,#Metoo https:// youtu.be/hEyeEFSFaOA,1,1,4,,,,,,
922116896505454592,#EmpowermentHour #MeToo #MenToo education starts at home https:// twitter.com/lvview/status/ 922116722567536640 …,1,1,4,,,,,,
920095496332603392,#MeToo,1,1,4,,,,,,
920142361526722565,#MeToo,1,1,4,,,,,,
921237074702884865,This might explain some shit #tackstactical #metoo @Tacks Tactical https://www. instagram.com/p/BadP19blKxS/,2,,,,,,,,
921059793141411840,Worked in women dominated workplace twice & sexually harassed both times - and I'm fugly! #MeToo #notjustwomen,1,1,4,,,,,,
922269853192294400,#MeToo,1,1,4,,,,,,
920100050407059456,“You’re beautiful” -creep on the street I didn’t fucking ask #metoo,1,1,1,,,,,,
920052879204892673,"Recovery is always possible, even if it hurts. So yeah, #MeToo",1,1,4,,,,,,
920376556308107264,"So many years, I dare not speak or think of it. Afraid to let memories in or let my guard down. I still mourn that part of myself #metoo",1,1,4,,,,,,
920402098092691456,#metoo dedicated to you. https:// mauritianmemoirs.wordpress.com/2017/10/17/met oo-dedicated-to-you/ …,1,1,4,,,,,,
919886240819933184,#MeToo,1,1,4,,,,,,
920088404976717824,A substitute teacher at my high school would tell me what he wanted to do to me. I was 16. The school did nothing. #MeToo,1,1,3,,,,,,
