920180565390778370,here's a new game: If you're a cis-man and you post #MeToo you will be unfriended and you might catch a block. Cut that shit out,1,1,4,,,,,,
920119960835309568,One to many. #metoo,1,1,4,,,,,,
920169650544979968,my mom and her bf are making fun of #metoo fuck him,1,1,4,,,,,,
920090205385871362,#MeToo,1,1,4,,,,,,
920357298874273793,All the women in me are tired. #metoo,1,1,4,,,,,,
920002047302303745,#MeToo https:// twitter.com/kat_elizabeth5 8/status/919990349816369152 …,1,1,,,,,,,
920277036396105729,In solidarity. #MeToo pic.twitter.com/HP1mWZtcZu,1,1,4,,,,,,
919948988899405827,"These #metoo stories make me sad and dissapointed. The fact that this behavior exists, & women deal with it in silence is disheartening",1,1,4,,,,,,
922509189280387075,Raped by 2 men at 15 at gunpoint. They were never found. High school boyfriend made me replay it since I didn’t seem shook up 2 him #MeToo,1,1,3,,,,,,
920135737776807936,This moment is also very important to me. #MeToo 20yrs and 15yrs ago.. by 2 different people. We'll get through this together ~Chook~ #WDoA,1,1,4,,,,,,
920116987069689856,#Metoo,1,1,4,,,,,,
920003558371500033,#metoo,1,1,4,,,,,,
920032559517569024,#MeToo,1,1,4,,,,,,
920686692725608448,That time I was asked to hold out my hand so the male exec could smack it bc he wasn't happy w/ the phone message I took for him #MeToo,1,1,1,,,,,,
919916771829837824,#metoo,1,1,4,,,,,,
921079509356511232,"#MeToo this actually is really close, his sons... Took a nice social media break after that",1,1,4,,,,,,
920777522232676352,"“Guys, it’s our turn” – Men Tweet #HowIWillChange In Response To Viral #MeToo Campaign https:// goo.gl/fb/KMaeHR",1,1,,,,,,,
920415531403968512,I have been part of the problem but I pledge to be part of the solution #MeToo http:// ift.tt/2xOBhZr pic.twitter.com/E4clOlvbsO,1,1,4,,,,,,
924628719880335363,Ugh im offended #metoo https:// twitter.com/RimKoumaira/st atus/924628212843450369 …,1,,,,,,,,
920712785637597186,@JCCCtweet @CoLabJCCC Why do you protect professors that sexually assault students? My whole class saw it! Paul Kyl… https://t.co/gK1Nw8Micf,1,1,3,,,,,,
921840458590023681,"I feel like some ppl are born to feel pain, like #MeToo , its like they have a magnet that pulls all bad things to themselves wthout wanting",1,1,,,,,,,
920117519184039936,#MeToo I was 6 the first time I was groped on a school playground. I’m honestly not sure I know any women who have not been verbally or physically assaulted at least once.,1,1,3,,,,,,
919891181206671360,"But today, after seeing so many women tweeting #MeToo , I decided to add my voice too.",1,1,4,,,,,,
921040772996120580,I didn’t feel that I had the “right” to do this but then I thought: “When will I ever? #metoo #thread,1,1,4,,,,,,
920041850542714881,#metoo,1,1,4,,,,,,
921039124748034049,The games industry responds to #MeToo http://www. gamesindustry.biz/articles/2017- 10-18-game-industry-vets-respond-to-metoo …,1,,,,,,,,
920317637875437574,#metoo,1,1,4,,,,,,
919999714795307008,#MeToo https:// twitter.com/Alyssa_Milano/ status/919665538393083904 …,1,1,4,,,,,,
919934682875166720,"#MeToo On the sidewalk. At work. By phone. In cabs. At the doctor. Through the mail. It doesn't get easier, it just gets more exhausting.",1,1,1,,,,,,
919986530374111234,New post on my blog: #MeToo : Sexual Harassment Stories Sweep Social Media After Weinstein Allegations http:// ift.tt/2yONPzV,1,,,,,,,,
920019206774640640,The latest Christian Beat! https:// paper.li/Christianbeat1 /1418674239?edition_id=1794c990-b2ae-11e7-8bb0-0cc47a0d1609 … #metoo,2,,,,,,,,
920335824356507648,Etoo #metoo,1,1,4,,,,,,
924156335763132416,http://www. loustal-so.com/2017/10/semain e-d-halloween-les-balais-de-sorcieres.html … #Halloween2017 #Halloween #ChangementDHeure #fantome #AsterixEtobelix #paris #LoveMyself #me #MeToo #Catalogne,2,,,,,,,,
920112362513944576,#MeToo,1,1,4,,,,,,
919898811140595712,#MeToo,1,1,4,,,,,,
919980116347965440,unfortunately the topic of harassment isn't discussed enough. #metoo,1,1,,,,,,,
922134062608846849,"Harvey Weinstein, accused by dozens, specifically disputes Lupita Nyong’o’s harassment claims https://www. washingtonpost.com/news/arts-and- entertainment/wp/2017/10/21/harvey-weinstein-accused-by-dozens-specifically-disputes-lupita-nyongos-harassment-claims/?utm_term=.34f6be06f36f … #metoo",1,2,3,,,,,,
922137328449196032,So sorry you had to experience this @kramergirl . No woman should! Thank you for empowering so many women. https://www. yahoo.com/lifestyle/jana -kramer-recounts-sexual-misconduct-manager-going-sleep-man-order-fulfill-dreams-193632648.html … #MeToo,1,1,,,,,,,
919999451460124673,#MeToo,1,1,4,,,,,,
919958830347358208,Okay I have an idea maybe Woody Allen should just stop talking. #MeToo #HarveyWeinstein,1,1,,,,,,,
919917136939769856,#metoo,1,1,4,,,,,,
920130024325255168,#MeToo,1,1,4,,,,,,
920219772628828161,How about we all start writing things we can do to bring a change in the society with the #WeDo and address this issue. #MeToo,1,2,,,,,,,
920033927594725384,#MeToo http://www. collectedthinks.co.uk/hashtagmetoo,1,1,,,,,,,
920077581097013248,#MeToo,1,1,4,,,,,,
925133233213370373,#metoo #Etudiantes omm #ChulaVista pic.twitter.com/hrssnlS3UN,1,1,,,,,,,
920653125102592001,#MeToo,1,1,,,,,,,
919949648646811648,#MeToo,1,1,4,,,,,,
924314601683947520,http://www. firstpost.com/entertainment/ why-didnt-mallika-dua-defend-herself-against-akshay-kumar-because-we-havent-told-her-how-to-4179791.html … #HowTo instead of #MeToo @MeghnaPant,2,,,,,,,,
919954264155402240,Attend #MeToo #womenofworld #unicef #traditional #face #eyes #beauty #of #world #beautiful #stream #live #event #nigeria #FaceOfMeevee pic.twitter.com/iCIxWF8ALy,1,1,,,,,,,
923153482970025985,...and call it out if we witness it.” #metoo @StylistMagazine,1,1,2,,,,,,
920288847157751808,Women are standing together and speaking out against sexual harassment using #MeToo https:// twitter.com/UN_Women/statu s/920286336074076160 …,1,1,,,,,,,
920097659943350277,"Don’t let this viral campaign die out. Make a change, be better, help others. #metoo pic.twitter.com/wzlF30W9pd",1,1,,,,,,,
921386958168801284,The Raw Power of #MeToo https:// nyti.ms/2l1JFyz,1,1,,,,,,,
920394865489383426,"The problem I have with #metoo is it prioritizes sexual voiolence against WOMEN, as opposed to people in general.",1,2,,,,,,,
922522761271984131,Recorded before #MeToo trended once more. Our thoughts on how powerful people can do consent better. http:// megjohnandjustin.com/relationships/ power-and-consent/ …,1,1,2,,,,,,
920070764199473152,"ever been in that room where they ask - If you or someone you know has been raped, raise your hand? This is not a surprise... #MeToo",1,1,2,,,,,,
921083693288116226,Clearly #ImpeachedPresident @BillClinton was serial #WarOnWomen ! defended by @HillaryClinton #BimboEruptions #MeToo ! @MonicaLewinsky,1,,,,,,,,
920095824461185026,"No, THIS is why we're doing it #MeToo https:// twitter.com/thedrunkboss/s tatus/920094368102526976 …",1,,,,,,,,
919832248542810112,"#MeToo as a reminder to myself that I am not just a victim of assault but I am a survivor. Being a Tom Boy I'm told not to snitc pic.twitter.com/sbCqW2VAER""",1,1,3,,,,,,
921675797437534209,#truth #metoo #whywomendontreport #sexualharrassmentisacrime #rape pic.twitter.com/6gNhs3mgzI,1,1,4,,,,,,
920098946017644544,#MeToo,1,1,4,,,,,,
920154281684082690,"Looks like Every.Single.Woman. on my #FB list has been sexually harassed. Groped. Stalked. Abused. Threatened. Good job, men. #MeToo",1,1,2,,,,,,
919932231807832064,"#metoo I was 13 and when I told an adult, I was told my memory was probably not correct.",1,1,3,,,,,,
920191935205330945,"#MeToo publicly harassed in a take away infront of my male friends, non of whom said anything to stop it.",1,1,1,,,,,,
920346673418661888,MeToo pic.twitter.com/4FtOUIb2sp,1,1,4,,,,,,
920072635114909696,Thanks @CBSNews for inviting me to share my story and encouraging others to find the support they need. #MeToo https://www. cbsnews.com/videos/metoo-h ear-from-those-speaking-out-against-sexual-assault-harassment/ …,1,1,2,,,,,,
920278090877685760,#MeToo,1,1,4,,,,,,
919962496693391361,#MeToo,1,1,4,,,,,,
919915089368633344,I’ve only ever been sexually harassed by men of color. #MeToo,1,2,,,,,,,
924120168791453697,I love you more now than I did after watching anything you've ever acted in. Thank you. #metoo,1,1,,,,,,,
920754137012240384,"Samir kept cheating on me and would aggressively attack me when I raised my concerns. Then, he’d block me and continue cheating #MeToo",1,1,2,,,,,,
919885218156294145,"As a hierodule, you end up unfortunately with a lot of #metoo stories.",1,1,4,,,,,,
919863155823661057,"but w women it´s not so, those do remember #MeToo",1,,,,,,,,
920231160378249217,#Bahriaparadise karachi 500 square yard Luxury Villas with approx. #New Booking 250sq Yards At 59.25 Lacs 500sq Yards At 95.50 Lacs 1000sq Yards At 172.50 Lacs Possession in 2 years Installment Plan 4 Years For More details call Adil Saeed 0322-4009766 #MeToo pic.twitter.com/Uq96kkikpY,2,,,,,,,,
920049204621438977,#Metoo,1,1,4,,,,,,
919928458158882817,I'm proud that I have spoken online about this topic to make sure people know that they're not alone with these experiences #MeToo,1,1,,,,,,,
920050410441924608,"#metoo I want to respond with love to ev me too"" but I'd be hitting ""love"" 4 eternity TY 2 all the brave who spoke 4 the rest of us""",1,1,,,,,,,
921108138304077826,#meToo,1,1,4,,,,,,
923515360623685632,"What the hell is wrong with people. They gain some status and lose all self control. Women do this too, I was there, 1985 #metoo https:// twitter.com/Blackdi5126429 9/status/923506691542528000 …",1,2,,,,,,,
920704281539264514,Someone put #MeToo all in one place. Let's lift these brave voices higher - http:// metoo.love /,1,1,,,,,,,
920759959347974145,Tbf #MeToo is every woman you know... some aren't sharing stories for their own reasons. But it happens to everyone of us since puberty,1,1,,,,,,,
920341440135417856,I have an innocent yet poignant example of the pervasiveness of the #metoo phenomenon (thread),1,1,4,,,,,,
921324200446525440,The latest The Prominent Bugle!! https:// paper.li/prominentcomms /1338114981?edition_id=81324220-b582-11e7-8999-0cc47a0d1609 … #metoo #brexit,2,,,,,,,,
923539065882005504,#MeToo,1,1,4,,,,,,
920404296931463169,#metoo,1,1,4,,,,,,
919991824378486784,After the 2016 Access Hollywood tape enraged me @MichelleObama made me cry w thanks. #MeToo http://www. rollingstone.com/politics/news/ watch-michelle-obamas-powerful-response-to-trump-allegations-w444780 …,1,1,,,,,,,
920836702003855360,"Thank you, McKayla, for speaking out. <<HUGS>> #MeToo",1,1,,,,,,,
921401505802063873,"Hello, comedy's taken a back seat so I could tweet about the MeToo call to action. I hope you'll stick with me. Peace and love. x",1,1,,,,,,,
923974508498665472,"Men attack women. If there should be a curfew, men should be locked up. ~ former Israeli Prime Minister Golda Meir #MeToo pic.twitter.com/aypwG4cHaJ",1,1,,,,,,,
920368794110853120,"Have you ever met someone claiming to be Mexican, but also hates Christianity? #MeToo #IndigenousPeoplesDay #HispanicHeritageMonth #LaRaza pic.twitter.com/DVDcxSYBZI",2,,,,,,,,
920367638844289024,Heading to Class Now #culinary #yass #MeToo #art,2,,,,,,,,
920035611750387713,#MeToo,1,1,4,,,,,,
919879215708852224,@realKrisCruz @DocThompsonShow how about those military urinalysis evals.... #metoo,2,,,,,,,,
919930427887857664,"Is there any woman who can honestly say not me""? #MeToo""",1,1,,,,,,,
921482662551973889,How Much Time Could Women Reclaim If They Didn't Have to Deal With Men’s BS? @joanwalsh on #MeToo @thenation podcast http:// bit.ly/2yyo187 pic.twitter.com/BMsUKQnq06,1,3,,,,,,,
920142476987449349,And for the record rape is a problem regardless of gender. I'm aware. Metoo is genderless. Its about awareness of rape and harassment.,1,1,4,,,,,,
919939533906628608,#MeToo,1,1,4,,,,,,
920133276123193346,I keep Tweeting this then deleting it over last 3 days;not sure what/who I'm afraid of any more but I must b as brave as others here. #metoo,1,1,,,,,,,
920065089847332869,@mrx_70 pic.twitter.com/poekLTngGA,2,,,,,,,,
920125492057006080,"#metoo (3) for a long time & even N low moments, I find myself thinking there was something about me caused it to happen - a scent/energy",1,1,3,,,,,,
922059458167164928,The latest The oysteinj Daily! https:// paper.li/oysteinj?editi on_id=a791ea80-b71a-11e7-adba-002590a5ba2d … Thanks to @hilanfin #metoo #iot,2,,,,,,,,
921363576199229441,Mistress of the Mix: #MeToo - http:// mommytimes.org/feeds/items/mi stress-of-the-mix-metoo/ …,2,,,,,,,,
920098191260901376,#MeToo,1,1,4,,,,,,
921332845464911872,"Or urge women to speak up for daily child alienation,divorce bias,emotion abuse of men? #metoo has undermined/trivialised real sexual assault",1,2,,,,,,,
920232808265801728,"#MeToo is trending on Twitter, Instagram and Facebook for a very powerful reason http:// bit.ly/2x2Q79Z pic.twitter.com/QeOEiAZnvi",1,1,,,,,,,
920132698852745216,#MeToo,1,1,4,,,,,,
920325064263983104,"That time a guy sat beside me on an otherwise empty transit bus and slid his hand under me to grab my ass, and I froze again. #MeToo",1,1,2,,,,,,
919835836140736512,#metoo https:// twitter.com/cuntcreature/s tatus/919835802917629952 …,1,1,4,,,,,,
919895462731280385,#MeToo,1,1,4,,,,,,
919922842078208002,"#MeToo , the unfortunate reality of being a women in today’s society is that the question is not “if” it’s “when”.",1,1,,,,,,,
920005495901048833,"In my childhood, in my teens, in my twenties, in my thirties, in my forties, in my fifties... #StopRapeCulture #MeToo",1,1,1,,,,,,
920951801653886977,I don't need to explain my story but the fact that I can say #MeToo along with so many other women is enough to know we need change,1,1,3,,,,,,
924188288868601856,I think it’s sweet that you think they still qualify as “people”.,2,,,,,,,,
923003900008964096,"Hey, there. We're excited you want to share the skies with us! You can check out all available flights on http:// Southwest.com . ^SL",2,,,,,,,,
921836535665786880,The Problem with #MeToo and Viral Outrage - WIRED https:// apple.news/AiA54r1plTdWcP 9J0Meh_NQ …,1,2,,,,,,,
919918212833316864,#MeToo when men start accepting women as equals there will be no place for this to happen. The us vs them power play is over,1,1,,,,,,,
920001302016299008,"#MeToo : Harvey Weinstein case moves thousands to tell their own stories of abuse, break silence http:// a.msn.com/01/en-us/AAtye kt?ocid=st …",1,1,,,,,,,
920425732429541376,Gain 500+ followers real quick!! Retweet Follow everyone Follow back #TrapaDrive #NaijaFollowTrain #GainWithXtianDela #MeToo pic.twitter.com/l6xNQEJCeO,2,,,,,,,,
919880096533630976,"#metoo I've have been a terrible person and endured terrible ppl during my years as a barman, all under the banner of *a bit of cheeky fun*",1,1,1,,,,,,
920758865175736320,"By varying degrees, #YesAllWomen are denied their rights in every society on the planet. So, yes: #MeToo is actually #AllOfUs . Deal with it.",1,1,,,,,,,
922575244300140544,U.S. senators share their #MeToo sex harassment stories https://www. huffingtonpost.com/entry/us-senat ors-sex-harassment_us_59ed7354e4b00f08619fa18f?ncid=engmodushpmg00000004 … via @HuffPostPol,1,1,4,,,,,,
920786395945492480,#MeToo X 4 https:// twitter.com/guardian/statu s/920172169207930880 …,1,1,,,,,,,
920011748320661505,#metoo,1,1,4,,,,,,
920071115480993792,"#MeToo Was debating on posting it, but it took a while to come up with the right words. https://www. instagram.com/p/BaU9tzCACPk/",1,1,4,,,,,,
922203467933986818,@LewisHamilton #metoo,1,1,4,,,,,,
920075546586857473,#MeToo,1,1,4,,,,,,
920088619641012225,What do you think of #metoo ? http:// junkee.com/me-too-rape-cu lture/131033 …,1,3,,,,,,,
921094572075376640,He told me that no one would believe me. #MeToo,1,1,3,,,,,,
921078168915759110,#MeToo isn't about solving the problem of sexual assault; it's giving victims an opportunity to share their experience & feel less alone.,1,1,,,,,,,
919825931698561025,"Statistically speaking, a hell of a lot of women who #notokay & #metoo , & the men who love them, voted for this sexual assaulter in chief",1,2,,,,,,,
919951164124418048,Sadly #MeToo,1,1,4,,,,,,
920017097731788801,"#metoo predators R predators, regardless of gender!Male abuse is just as important as female abuse.Time 2 come 4ward & crush the illusions.",1,1,,,,,,,
920681580271689729,Are you sick of #feminists ? #MeToo,1,2,,,,,,,
920379135985250304,#MeToo In my former acting class an actor out of the blue gave me a man hug I never did a scene with him or spoke to him again.,1,1,2,,,,,,
920075571081699332,#metoo,1,1,4,,,,,,
920257397448429568,"#MeToo But they weren't all monsters, they were colleagues, friends, partners. @helenlewis in the @NewStatesman https://www. newstatesman.com/politics/uk/20 17/10/harvey-weinstein-allegations-are-monstrous-it-s-not-just-monsters-who-harass …",1,1,1,,,,,,
920183446651092992,Metoo,1,1,4,,,,,,
924807320093241345,French women rally against sexual abuse under #MeToo banner http:// bit.ly/2ycfye1 pic.twitter.com/jR6LMQVdjf,1,,,,,,,,
920052885240479744,I am seeing Waaaay too many #MeToo profile statuses and if you know what that means,1,1,,,,,,,
920379973260730368,"No more shame, no more self-blame. Fighting back together. #metoo",1,1,,,,,,,
920005356822114305,#MeToo : Women Speak Up on Sexual Harassment. Women around the world are taking a stand against sexual abuse by... http:// fb.me/8H111dM3W,1,1,,,,,,,
919946923645308928,Something to remember: how hard social media has been for many. It's okay to disengage. #MeToo,1,1,,,,,,,
924740989805322240,#metoo most of the women seeking attention from this are hideous hags. Nobody believes you.,1,2,,,,,,,
920063348783435776,It can happen to anyone. #MeToo,1,1,4,,,,,,
924166518820220928,"#=pound. Therefore, #metoo is a very inappropriate hashtag for sexual harassment and rape allegation posts. via /r/Showerthoughts",1,2,,,,,,,
920049294874263552,"There isn't enough character space for all the times I was raped, abused, and harrassed, but I will never be silenced. #MeToo",1,1,3,,,,,,
919934126215651329,Women must be reminded of the power they have.They have the power to draw a solid line of what is acceptable to them & what is not. #MeToo,1,1,,,,,,,
919940500639174658,#MeToo,1,1,4,,,,,,
920009207683932162,#metoo,1,1,4,,,,,,
920104102306213888,#MeToo and now I no longer trust people's motives because I thought he cared about me. Instead I was being groomed.,1,1,3,,,,,,
919886376878960640,#MeToo,1,1,4,,,,,,
919936564221894656,"#MeToo 6 rapes, molestation, physical abuse...",1,1,3,,,,,,
920177746256343040,Example of #MeToo me and sis were walking with our wine and some random ass man straight squats in front of us and whips his dick out Sick. https:// twitter.com/sydneyee/statu s/920177349382901760 …,1,1,3,,,,,,
920343422816473089,#MeToo,1,1,4,,,,,,
920349578557382657,"I'd rather not recall any of those incidents but for the sake of the campaign, #MeToo , unfortunately.",1,1,3,,,,,,
920226641980243968,#MeToo,1,1,4,,,,,,
920108566186512385,#MeToo pic.twitter.com/YzbN7LqVCF,1,1,4,,,,,,
919827152366981120,i hate him and i hate all men who do this to us. and the women who do this too. i hate them and i hate what they’ve done to us. #MeToo,1,1,4,,,,,,
921461518474063872,Christians Must Engage the #MeToo Conversation http:// bit.ly/2l3zGc8,1,3,,,,,,,
920070423571849216,#MeToo . Too many to mention and some I've long since locked away x,1,1,4,,,,,,
920007136234500096,I would be WAY more surprised if a woman said she hasn’t been sexually harassed or assaulted in some way #metoo,1,1,,,,,,,
919939684238798849,"#MeToo x2: at the hands of a babysitter, then an elementary school bus driver.",1,1,3,,,,,,
920076782950219776,"#metoo but frankly, I'd rather explicitly sexually harassed every day than constantly underestimated in a way I can't quantify or prove.",1,2,,,,,,,
920891691107831808,#MeToo,1,1,4,,,,,,
921207574887776256,He was an ex boyfriend & “good” friend I thought... #metoo,1,1,4,,,,,,
920651640943923201,#MeToo,1,1,4,,,,,,
919847717735723013,#MeToo,1,1,4,,,,,,
919831564657115138,#MeToo,1,1,4,,,,,,
920366219039035393,"My perpetrator was family, someone I trusted, living under the same roof. No one is off limits #metoo",1,1,4,,,,,,
920286546435149824,#MeToo #EuTambem,1,1,4,,,,,,
920341167622852608,"#MeToo Because I just saw someone call the girls participating in this “attention whores. And people wonder why we're afraid to speak up.""",1,1,,,,,,,
920010075070173185,"Yes, #metoo . And I believe you.",1,1,4,,,,,,
924454313061216256,#metoo,1,1,4,,,,,,
922187084844208128,my name is Bjarni i'm 19 years old and i'm a trans man #MeToo,1,1,4,,,,,,
920301522143113222,#TheMoreYouKnow #MeToo https:// twitter.com/FemMajority/st atus/920299773000855552 …,1,,,,,,,,
920264140689567744,"Me too. It's not a few bad apples, it is a toxic culture. The omnipresence of this problem needs to make us uncomfortable. #metoo",1,1,4,,,,,,
924279560169979904,Please share and support this cause #IStandWithCorey #CoreysTRUTHCampaign #PreserveInnocence #MeToo https://www. indiegogo.com/projects/corey -feldman-s-truth-campaign/x/17574352#/ …,1,,,,,,,,
919955955206389760,Have YOU seen someone be abused? What have YOU done about it? How will you prevent it from happening again? SAVE A LIFE - HELP OTHERS #metoo,1,1,,,,,,,
919910230078775297,"87% of women age 18-24 were sexually harassed at one point in their life, according to @Harvard study June that surveyed 3,000 women. #MeToo",1,1,,,,,,,
920665217486508032,Well said @michaeljknowles #MeToo Slacktivism Disrespects Real Victims | Daily Wire http://www. dailywire.com/news/22408/met oo-slacktivism-disrespects-real-victims-michael-j-knowles …,1,2,,,,,,,
921184060663242753,#MeToo https:// twitter.com/nytopinion/sta tus/921151030938574849 …,1,1,4,,,,,,
922480567026966529,The latest The infonews Daily! https:// paper.li/fatal_romantic /infonews?edition_id=6c107f90-b804-11e7-b291-0cc47a0d164b … #cdnpoli #metoo,2,,,,,,,,
921028080398823425,#MeToo,1,1,4,,,,,,
920374694347460610,"We raise ourselves from any injustice & help those in pain. We affirm together, the Presence of God is in me too. #MeToo #lovewins #unity pic.twitter.com/pROuYUAkHr""",1,1,,,,,,,
919943256884109312,Read my bio. #MeToo,,,,,,,,,
920014300957229056,#MeToo,1,1,4,,,,,,
924285583530348547,"Please join the ever growing group fighting SRA, sexual abuse and harassment. We need your voice! #metoo #ROSEARMY",1,1,,,,,,,
920331153982345216,Thanks and we should acknowledge WOC more likely to be impacted & led charge on #metoo .,1,1,,,,,,,
919984271078674432,"@Alyssa_Milano 4 WoC, WwD, LGBT women, NB ppl were all sharing their #MeToo stories. We lifted each other up, we are used to this.",1,1,,,,,,,
9.2017E+17,#metoo breaks my heart bc every single woman has experienced sexual harassment to some extent that it has become almost “normal” to happen,1,1,,,,,,,
920398526185705473,"And I know for sure that the battle is not over but I hope one day we’ll be free. I stand with all of you, always. I love you x #MeToo",1,1,,,,,,,
920415446234517504,"#MeToo Yup, on school bus - high school. Then an ex boyfriend. One grabbed breasts the other my vagina. I felt shamed",1,1,3,,,,,,
919931180719382529,#metoo,1,1,4,,,,,,
922476842308788224,Four Female Senators Share Their #MeToo Harassment Stories https://www. thecut.com/2017/10/female -senators-metoo-harassment.html?utm_source=nym&utm_medium=f1&utm_campaign=feed-part …,1,1,,,,,,,
924704892496646144,"If you know someone who is being sexually harassed at work, or elsewhere, here are some steps to help them #MeToo http:// bit.ly/2idmpcq",1,1,,,,,,,
922032448409669632,All who posted #metoo get money. Economy balances for first time. Women would have equal $$ wit men,,,,,,,,,
919954639235231745,#metoo,1,1,4,,,,,,
919875086349463554,#Whatilearnedtoday when I go to the bathroom and the last person doesn’t replace the empty toilet paper roll. #metoo @DocThompsonShow,,,,,,,,,
920003221032194049,#metoo .,1,1,4,,,,,,
920434115068833793,To all the people who wrote #MeToo & all those who couldn’t bring themselves to write it though it would have been true- I’m #WithYou . https:// twitter.com/amyferris/stat us/920403737885184000 …,1,1,,,,,,,
920099705140449280,#MeToo,1,1,4,,,,,,
920404419971309569,#MeToo I dip french fries in mayonnaise.,,,,,,,,,
922353321905676288,#metoo It’s happened to me more times than I can even remember. I’ve repressed many memories.,1,1,3,,,,,,
920167460757823488,"#MeToo men...it happens everywhere, men too. All you hear is oh he loves it really""...""",1,1,,,,,,,
920770027170693122,"‘This can’t be women just speaking up’: Men respond to #MeToo , pledging #HowIWillChange http:// hamassenger.com/2017/10/this-c ant-be-women-just-speaking-up-men-respond-to-metoo-pledging-howiwillchange/ …",1,,,,,,,,
920435257681178625,#metoo,1,1,4,,,,,,
920929656987176960,#MeToo,1,1,4,,,,,,
919840992932413440,The Dummies Guide to Casual Sexual Harassment: Cheers! #MTVProTip #HighSpirits #ByeSpirits #MeToo #EatShit pic.twitter.com/UcDLMANcln,1,,,,,,,,
920322304936169475,I legit have seen ppl co opting #metoo for other -unrelated causes. Just don't.,1,1,,,,,,,
921142334711939072,#MeToo starting at age 4.,1,1,3,,,,,,
923912522394165248,Fact: sexual assault is neither flattering nor positive attention. Fact: this judge should be removed from the bench. #metoo https:// twitter.com/bustle/status/ 923912181275443200 …,1,1,,,,,,,
919881256061587457,"#MeToo I don't know any women who hasn't been assaulted, harassed, catcalled, or followed down the street by a man trying to hook up!",1,1,,,,,,,
923669155483709440,So #metoo lot. Yes what's happened to u is terrible. But move on.,1,2,,,,,,,
924205217708756992,http://www. chanchori.com/2017/10/24/dea r-men/ … In the spirit of #MeToo @laviehokore,1,,,,,,,,
919874658442326016,#MeToo,1,1,4,,,,,,
920092248179691521,#metoo no one deserve to feel powerless. No should mean NO. I refuse to stay silent about these things.,1,1,4,,,,,,
920201628585574400,"Once I actually reported to my boss and was told, through my tears, to relax... the guy was probably just fooling around. #MeToo",1,1,1,,,,,,
919967356746481664,#metoo https:// twitter.com/sarendipity93/ status/908755058828836864 …,1,,,,,,,,
920471708619952128,#MeToo,1,1,4,,,,,,
920012169403650049,#MeToo pic.twitter.com/HXoGXgv0uD,1,1,4,,,,,,
920952921226801152,#MeToo and it's a fight not to be afraid all the time.,1,1,4,,,,,,
920364183916605440,The latest The Perthshire Daily! https:// paper.li/FelicityM/Pert hshire?edition_id=979bb260-b36d-11e7-a385-0cc47a0d1605 … Thanks to @52tartanrose @VisitCrieff @w4ipk #metoo #2ndref,2,,,,,,,,
924692228009877510,With #metoo in #Paris https:// twitter.com/sophiasept/sta tus/924655267064827905 …,2,,,,,,,,
919996078769893376,"If I’m ever asked about #MeToo , I will never hesitate to share my stories. But public platforms are uneasy after being",1,1,4,,,,,,
920647977911373826,There are too many examples I could state and simply not enough characters #metoo,1,1,4,,,,,,
920135195306741760,#MeToo,1,1,4,,,,,,
921284805139898368,Re #MeToo pic.twitter.com/GGEvPpg1c5,1,,,,,,,,
920303358614704128,@WeinsteinFilms KNEW about Harvey #weinstein 's behavior towards woman. #MeToo https:// twitter.com/NewsandGuts/st atus/920262670640664576 …,1,1,,,,,,,
919983716335783936,"#metoo what's sad is that someone else pointed out that it was assault. My initial reaction was I mean, that's college I guess""""",1,1,4,,,,,,
923248836885151744,"Let me get my  MeToo "" moment. He's old FFS! “Bush Sr. says sorry after actor alleges he sexually assaulted her” https:// twitter.com/i/moments/9231 64692834643968 …""",1,,,,,,,,
920372418148995072,#MeToo,1,1,4,,,,,,
921775557536235520,"He was twice my age, pretended to be my friend. I was trapped, scared. Please no..."" Just let him do what he wants. #metoo pic.twitter.com/gX4O12M6A9""",1,1,3,,,,,,
919987788900007936,#MeToo,1,1,4,,,,,,
920337274247753731,#MeToo,1,1,4,,,,,,
920112468638289921,"Because there isn't a single girl in this world who hasn't been intruded upon"" #metoo""",1,1,,,,,,,
919888301745516544,#GujaratGaurav If get trapped again. U will be waiting again for another 5 Long years..It's time to cut short your exile #MeToo pic.twitter.com/STrUxdasOA,1,1,,,,,,,
921451478316929025,Turn my notifications on IFB 100% #TrapaDrive #MGWV #MeToo #folloback #FolloMe #Follow #TrapaDrive #1DDrive @best_fynny,2,,,,,,,,
920337034828431360,fear overtakes your ability to say no. #metoo,1,1,3,,,,,,
919953832993546241,#metoo,1,1,4,,,,,,
920365464622108672,#MeToo https:// twitter.com/alyssa_milano/ status/919659438700670976 …,1,,,,,,,,
921379987197853696,"Also, this #metoo conversation should never die unless the behavior that causes this conversation dies first.",1,1,,,,,,,
920113062337802240,#metoo,1,1,4,,,,,,
921337812510748672,"#MeToo , But Why Is It Up To Survivors To Call It Out? #wwsosa #gbv http:// ow.ly/FdIz30g0FN1",1,3,,,,,,,
920145845873496064,#MeToo,1,1,4,,,,,,
922078796982861825,#MeToo #FuckMisandry https:// twitter.com/Oneiorosgrip/s tatus/921489021267791873 …,1,1,4,,,,,,
921015616768638976,#MeToo,1,1,4,,,,,,
919912410516930561,"Yes, #MeToo multiple times as a kid and as an adult. I have changed jobs over this too.",1,1,3,,,,,,
920975513782505472,"Equality demands the women's Golden Rule be posted too, please. #MeToo",1,,,,,,,,
923661707989237760,Cuban power! Here is an article where I outted Trump http://www. vox.com/policy-and-pol itics/2017/10/26/16526922/harvey-weinstein-donald-trump-sexual-harassment … @everythingloria #strongwomen #speakyourtruth #metoo,2,,,,,,,,
919901481054228480,#MeToo pic.twitter.com/Ec9BqKMDMp,1,1,4,,,,,,
919903646787219457,#MeToo,1,1,4,,,,,,
921073463497859072,I’m a man who has been sexually harassed – but I don’t think it’s right for men to join in with #MeToo http:// ind.pn/2hOJPnZ,1,1,1,,,,,,
920190753241939968,"Me, too. #MeToo",1,1,4,,,,,,
922544548282331136,"2) I hope you get better, Robert."" Are you kidding me? Is this what #metoo turned into? Showering sex offenders with encouragement?""",1,2,,,,,,,
921279879936643072,Save out City from a destructive Mayor De Lille must go now as so much damage has been done #@Our_DA #@DA_Youth #@Ward58DA,2,,,,,,,,
919959839241056257,#MeToo,1,1,4,,,,,,
920159945122877440,took me 7 years to tell one of my friends about it #MeToo,1,1,3,,,,,,
920274106452496384,"I’m not pointing fingers but I’m still so nervous to say it for fear of backlash, #metoo though https:// twitter.com/totalsratmove/ status/920071232820785152 …",1,1,4,,,,,,
920165517549113344,"#MeToo many, many times, both from being a ""girl gamer"" &amp; the ""usual"" workplace harassment so many of us have to deal with to stay employed.",1,1,1,,,,,,
920053588965167105,"#metoo - and way too many incidents over the years to even list let alone detail them. In any case, it makes me... http:// fb.me/7Ttzkyt1N",1,1,4,,,,,,
923942107949101056,"Tech shares in causing #metoo epidemic. groping, advances, comments about age, legs, skirts, sex life all been part of my work-life.",1,1,1,,,,,,
919980845229895680,"I'm having a hard time reading all this #MeToo experiences We're having this conversation now, the time to change this is NOW! https:// twitter.com/itsnebulabee/s tatus/919976643698966528 …",1,1,,,,,,,
920657566019006466,Women: #Metoo Men: #IHearYou Women: #IWasntDoneTalkingYet,1,1,4,,,,,,
920137412663132161,#metoo and my mother also,1,1,4,,,,,,
920055986546728961,#MeToo,1,1,4,,,,,,
920122629478023169,#Metoo,1,1,4,,,,,,
919977262941986816,PLEASE RT! #StandingWithDanaLoesch #MeToo https:// twitter.com/InTheYear1611_ /status/919747935243571200 …,2,,,,,,,,
919874305017634821,"I’m not justifying my behavior, but I wanted to add my perspective, and hopefully learn and grow from the conversation #MeToo 8/8.",1,2,,,,,,,
920810196728815617,#MeToo https:// twitter.com/EduardoHanzo/s tatus/918134521031217152 …,1,1,4,,,,,,
919961154998304770,#MeToo you're not alone. RT if youve been sexually assaulted or harassed to show the scope of the problem.,1,1,,,,,,,
920172847791611904,"Even men can be victims, but there seems to be more shame towards males. We don’t get taken as serious sometimes. #MeToo",1,1,,,,,,,
920243222118567937,Interested in submissions from people on the #MeToo phenomenon - collective reflection &amp; action,1,1,,,,,,,
920366434152275968,..of mine how sorry he was for what he did. #MeToo,1,1,,,,,,,
9.20323E+17,No decent man will ever love you. #metoo,2,,,,,,,,
920019206447431681,"If you can at least consider the possibility that you have been the villain in someone's #metoo story, its less likely to be true.",1,1,,,,,,,
922584510239268864,I can go ln for a couple more hours but I trust y'all get the point. #metoo,1,1,4,,,,,,
921166465621020672,I’m getting ready pic.twitter.com/eNxtRA4q8i,2,,,,,,,,
921022782871425024,"#MeToo What's sad is that I blamed myself for getting into those situations - even though no"" truly meant ""no.""""",1,1,3,,,,,,
924021545181249537,"In 1988, I was walking down the street and some homo pinched my butt... #metoo",1,1,3,,,,,,
920974797873537024,#MeToo this is just two instances of sexual harassment and assault I’ve endured. I have several other stories from high school like this pic.twitter.com/pbCgiSDrA6,1,1,4,,,,,,
921769149701021696,#MeToo,1,1,4,,,,,,
922216403700211713,#metoo @Max33Verstappen @redbullracing @robertdoornboss @RobVanGameren pic.twitter.com/T11rg5JSSb,1,1,4,,,,,,
920054073113632768,Men & boys go through it too; Google all the female teachers who have preyed upon male students. #metoo,1,1,,,,,,,
920255375005421570,I was told I shouldn’t have invited him over if I didn’t want to have sex. So I blocked it out of my memory. #metoo,1,1,3,,,,,,
919986790001528832,#MeToo https:// twitter.com/Alyssa_Milano/ status/919979584216616963 …,1,1,,,,,,,
919996326791794688,in a world where most young men are always horny i learnt that even elder men aren't any different #MeToo,1,1,4,,,,,,
920242102612758528,Be thankful for what you have today. Work hard for what you want tomorrow. #MeToo #GoodMorning,2,,,,,,,,
921713940010237952,#MeToo : Women Share Stories of Sexual Harassment https://www. nytimes.com/video/us/10000 0005499611/me-too-sexual-harassment-stories.html?smid=tw-share …,1,2,,,,,,,
921375508021030914,"My point is the way women were treated in the 50s is what leads to #MeToo being a left & right thing in 2017. They weren't honored"" then.""",1,2,,,,,,,
921154556372881408,"#metoo YES MOM...me too, but you say it’s in the past to forget it. Easy for you to say... I’ve live w/it 4 55yrs and u married the bastard",1,1,3,,,,,,
921110096792510464,She admits she got naked in front of men & women for her career by choice. #MeToo ??? Really??? http://www. scarymommy.com/jennifer-lawre nce-nude-lineup-sexual-harassment/ …,1,2,,,,,,,
923510309431791616,Help Corey Feldman stop Hollywood Paedophilia https:// youtu.be/x8yhyvOGFRc #MeToo,2,,,,,,,,
919898688381640704,Oh look here come the men with hurt feels over #MeToo,1,1,,,,,,,
919928102557450245,#metoo,1,1,4,,,,,,
920017655024713728,#MeToo,1,1,4,,,,,,
921844494265475072,We’re not talking about racism - we are taking about half a million women who posted #metoo and yet you all still say “but the facts say...”,1,2,,,,,,,
920037882588405760,At least 16 women have accused Donald Trump of sexual assault – and more information is finally coming out #MeToo http:// fb.me/1hiRgSr1E,1,,,,,,,,
920957236112916485,Thank you for this great idea ! #Metoo #Moiaussi #balancetonagresseur #sexismisasocialdesease #sexualassault ... http:// fb.me/Y90RKnfs,1,1,,,,,,,
921824307612852224,Need more women in positions of power! Have you noticed there's never been 50 men accusing a woman of sexual harassment? #MeToo,1,3,,,,,,,
920848526648602624,"@giannalacqua will always be an abuser, no matter how much she plays a feminist victim. She knows what she's done. #MeToo",1,2,,,,,,,
921010903130152960,My heart burst with joy when I read this! #metoo,1,1,,,,,,,
920072543972806656,Having been called a bitch for not wanting to be touched by my manger or fellow coworkers #metoo,1,1,1,,,,,,
924243381638877191,#Schmierenkampagne #metoo https:// twitter.com/houelle_beck/s tatus/923575773742751745 …,2,,,,,,,,
920730268998217729,#metoo pic.twitter.com/D2CXNllCPC,1,1,4,,,,,,
921021741681426433,#metoo,1,1,4,,,,,,
920111161533612032,#MeToo : Amity Addrisi shares personal story http://www. king5.com/mobile/article /opinion/metoo-amity-addrisi-shares-personal-story/281-483822249 … via @KING5Seattle,1,1,,,,,,,
921609959346987008,#MeToo LOTS of rape & sexual assault claims are 100% false. Also a guy telling you you're pretty isn't harassment. http://www. bbc.com/news/uk-englan d-wiltshire-41692026 …,1,2,,,,,,,
920282596176777216,Why is this the only metoo you retweeted? She never said when/who. Don't twist someone's tragedy to fit your political agenda. Sickening,1,1,,,,,,,
923184206326329346,"@SenWarren #MeToo ???? You got caught lying again Pocahontas. Exposed by ths Liberal Boston Herald"" http:// theblacksphere.net/2017/10/elizab eth-warren-lies-sexual-harassment/ …""",1,2,,,,,,,
920036064617779202,#MeToo,1,1,4,,,,,,
920686121532628992,".@AbijitG, Comedian: The comedy community has been very vocal of what is happening in #HighSpirits. #MeToo",1,1,,,,,,,
921146355019640832,#metoo,1,1,4,,,,,,
920736153875206145,Curious to know how many men carry around pepper spray vs how many women do and why that's seen as normal. #metoo,1,1,,,,,,,
920199050963705857,"Lady Gaga, Sheryl Crow, and More Tweet #MeToo http:// ihe.art/9Mk4j4C",1,,,,,,,,
919920007777341440,#MeToo,1,1,4,,,,,,
919985246443069440,To men: just because someone didn’t say #metoo online doesn’t mean they haven’t been damaged by you in some way. We don’t owe you shit.,1,1,,,,,,,
920016628234014724,#MeToo,1,1,4,,,,,,
920017146834505728,"#MeToo Because of course. All of us. Too many times to count, but started w a creep at the edge of an alley when I was maybe 7.",1,1,3,,,,,,
919923983969001472,There's reason behind my distrust and usual weariness. But never again. My days hiding are long past me. #MeToo,1,1,3,,,,,,
921003703800344576,#MeToo,1,1,4,,,,,,
921045638942470145,The Problem with #MeToo and Viral Outrage | Backchannel https://www. wired.com/story/the-prob lem-with-me-too-and-viral-outrage/?mbid=social_twitter_onsiteshare … via @backchnnl,1,2,,,,,,,
921487854529929217,@HillaryClinton #metoo https:// twitter.com/atensnut/statu s/684822324227379200 …,1,1,,,,,,,
923315703427432448,Kuntar The Barbarian is strongly against oppression of wenches. Someone must serve the ale! #metoo http:// tinyurl.com/y7l9nx2h,,,,,,,,,
924146459380998145,"Rep. Jackie Speier says she’s been a sexual assault victim: “Like so many of you, I have a #MeToo story to tell.” http:// bit.ly/2xvmuyw pic.twitter.com/zLfOQr24iY",1,1,4,,,,,,
920120386779533313,If you used or saw #MeToo - read the @JessicaValenti memoir Sex Object. Especially if you’re a man. https://www. indiebound.org/book/978006243 5095 …,1,1,,,,,,,
921485849212149761,Silence isn't always golden. It hides many pains and hurts. #metoo,1,1,4,,,,,,
920146120205991936,"yes, #Metoo . Worse, it’s the #whohasnt and the #cantescapeit . But the culture is changeable. Need to #changetheculture . Because we can.",1,1,4,,,,,,
923344383977586688,#MeToo,1,1,4,,,,,,
919861246740127744,#MeToo #UberRAPE pic.twitter.com/RBT5uAhZFK,1,1,3,,,,,,
919994747623702528,#MeToo - me too. Not recently now I'm older but many times as a younger woman.,1,1,1,,,,,,
920033333052100608,#MeToo,1,1,4,,,,,,
920733331813048320,#MeToo,1,1,4,,,,,,
920029635253022725,#metoo,1,1,4,,,,,,
924297877563854848,"When are real #feminists going to step up & stop letting 3rd wave feminists belittling real victims of abuse, harassment & assault? #MeToo pic.twitter.com/1bwEiaBvW8",1,2,,,,,,,
920702536377667585,#MeToo,1,1,4,,,,,,
919927903156088833,"#MeToo If I have to say all the things that have happened, I would get lost in it and not be able to function. I have to keep my head up. pic.twitter.com/2HYdpadjPx",1,1,3,,,,,,
921515142176747521,#MeToo,1,1,4,,,,,,
920280656617320448,Response from a like-aged man on FB re: #metoo Not judging. This explains just ONE facet of the disconnect on violence toward women. pic.twitter.com/KFERcOv9Qp,1,,,,,,,,
919998504965095424,#MeToo https:// twitter.com/Alyssa_Milano/ status/919659438700670976 …,1,1,4,,,,,,
920177904373211136,#MeToo,1,1,4,,,,,,
920711463815192576,ive been trying to think of a tweet and how to word this... but #metoo . no one deserves feeling guilty for somebody elses actions.,1,1,4,,,,,,
922263256764317696,#MeToo #HIMTHOUGH More than 30 women speak out against director James Toback https:// twitter.com/i/moments/9220 77100936499200 …,1,1,,,,,,,
923685417882390531,2. I’m sure I’m not the only one. Also thank you #AlyssaMilano for being the vessel for me & everyone who went through a #MeToo experience,1,1,4,,,,,,
920841264098095105,I hope all the men who saw their friends and family members post #metoo feel saddened & disgusted and inspired to make women’s lives better,1,1,,,,,,,
920169468369793024,#metoo,1,1,4,,,,,,
920161583816376320,#metoo,1,1,4,,,,,,
920048028328669184,some men’s reactions to #metoo are really qwhite interesting but i can’t seem to put my finger on it hmm,,,,,,,,,
922063635295428609,Its as if #MeToo never happened.,1,,,,,,,,
920127435592445953,I'm a surviver of child sexual abuse. Sexually assaulted in Jr. High & sexually harassed late teens by an employer... #MeToo ...,1,1,3,,,,,,
919867554398703616,Till the day we know of a woman who has not been harassed this campaign must go on. We cannot hope to see that day if we dont organise#MeToo,1,1,,,,,,,
920097541311664128,#MeToo,1,1,4,,,,,,
921759025716269056,sick of all these attention seeking #metoo celebrities who won't name drop. CLEARLY you love $$$ over actually HELPING people. #Weinstein,1,2,,,,,,,
924043040599060480,‘We can barely keep up’: Edmonton sex assault centre says #metoo campaign prompting survivors to share stories: On… http:// dlvr.it/Pxy0FR pic.twitter.com/ETHZNEGQVA,1,1,,,,,,,
920881452404817921,#MeToo,1,1,4,,,,,,
921334153915846656,It's my calling to help heal #MeToo . @GetUpErica @2TRILLION . @ImEricaCampbell,1,1,4,,,,,,
920071993344618497,#MeToo,1,1,4,,,,,,
923898031904354305,#TrapaDrive #MGWV #MeToo #1DDrive Retweet Follow everyone Follow back #NaijaFollowTrain #GainWithXtianDela IFB,2,,,,,,,,
920765183466684416,#METOO https:// youtu.be/hquV27ExqpU via @shanboody,1,1,4,,,,,,
925150005438148609,"Hey Gretch, we are with ya girl in your quest to be a voice for all us gals who get persecuted every damn day. Everyday its #MeToo",1,1,,,,,,,
919916844672344065,"#MeToo with no explanation, because it's almost overwhelming just publicly admitting it.",1,1,4,,,,,,
920825322005778434,#MeToo,1,1,4,,,,,,
920194876242673664,“I’m not sexist but” *says something sexist* #MeToo pic.twitter.com/Gvt1OsiPj3,1,1,4,,,,,,
919922455455649795,"People insinuate it’s our fault because we didn’t/don’t speak out. That kind of behaviour keeps us silent, scared. How they want us. #MeToo",1,1,4,,,,,,
921136265130475522,You are not alone . . . !! The world will only care if we are all heard. Speak out and tweet #MeToo,1,1,,,,,,,
920305814077833216,"My co-worker thought it would be funny to reply all by saying, #MeToo . HAHA, SEXUAL ASSAULT AND HARASSMENT STORIES ARE SO FUCKING FUNNY.",1,1,1,,,,,,
920860722178985984,#metoo,1,1,4,,,,,,
920733868235378688,I get how it feels when ppl blame u for the awful way someone treats u. So being a victim blamed for sexual assault must be hellish. #MeToo,1,1,,,,,,,
920823315756875782,#MeToo and for years i was so ashamed i told no one. now i know it wasn't my fault,1,1,3,,,,,,
924835363998363648,#MeToo I literally just payed here crying watching this but this is so beautiful http:// fb.me/vgdcDAUw,1,1,,,,,,,
920420580897124353,#metoo,1,1,4,,,,,,
920406449280487424,He didn’t get no meant no & I spent almost 8 years hiding it & trying to forget. I still have anxiety but won’t let it define me #metoo,1,1,3,,,,,,
920017560501936128,#MeToo #ibelieveyou,1,1,4,,,,,,
920125991053246464,tbh there isn’t a single woman in my life that can’t say #MeToo . I’m not convinced there’s a single woman on this earth.,1,1,,,,,,,
919977367421857792,"#MeToo in the tag many are women but your friendly trans guy here to remind you no matter your gender, you are valid in your trauma.",1,1,4,,,,,,
920339305075236864,#metoo Come in you guys n gals of music. Cop to it if it happened to you. Me n my alter ego are one and the same #metoos https:// twitter.com/radioactv915/s tatus/920098449944645634 …,1,,,,,,,,
919946563530711040,A friend posted this on Facebook this morning. It speaks volumes to much of what women deal with. #MeToo https:// lm.facebook.com/l.php?u=https% 3A%2F%2Fdriftingthrough.com%2F2017%2F10%2F15%2Fdear-men-this-is-why-were-tired%2F&h=ATNxZq47nvvgnZTOrAmIdshAmBdKu99TqW8q4o8vTBPxavP-sDH_MUIDz9KFdf_MZF8_AOe3GvMxJZyLL9DFZt7xYW4y5wx2jR-Ulv2SFKIvtrbUWWfjppKUXg&s=1&enc=AZM2ZBgSrD4maIRUcUJAcUKFzMIy4UGRkTm1fRFxO8MEOtfcAYxRyeRQ3I2kt0eA-wgZMJXQQjt3B0euI_e3IFaN …,1,1,,,,,,,
920084355564716032,#MeToo,1,1,4,,,,,,
920302119311339520,"#MeToo The 1st time - as a college freshmen publicly fondled by football players whose legacy was to initiate freshmen girls. I spoke out and received backlash for doing so. Very often, this is where the pass to harass women begins. #FarmgirlintheCity",1,1,3,,,,,,
921503455860097025,The woman behind ‘Me Too’ knew the power of the phrase when she created it — 10 years ago http:// wapo.st/2yrg9rt #MeToo,1,1,,,,,,,
924436723895070721,#METOO @thewhiteyoutuber raped many people before he died,1,1,2,,,,,,
922178192605097984,This is an unnecessary and awful co-opting of #metoo . American Outlaws should be better than this.,1,2,,,,,,,
920063858273914880,Too many times. #MeToo https:// twitter.com/GeekoDeako/sta tus/920053120360763392 …,1,1,4,,,,,,
921115938061275136,#Metoo,1,1,4,,,,,,
923250454531784704,The Ms. Q&A: Gloria Steinem on #MeToo and Believing Women After Weinstein http:// bit.ly/2y6C9nl pic.twitter.com/fT4AHErkdK,1,1,,,,,,,
921777919508340744,#MeToo,1,1,4,,,,,,
919931838088462341,Alyssa Milano's #MeToo tweet on sexual harassment gets thousands of replies https:// news.sky.com/story/alyssa-m ilanos-metoo-tweet-on-sexual-harassment-gets-thousands-of-replies-11083548 …,1,1,,,,,,,
921394435044364288,"I couldn't say anything after, b/c I thought I had brought it on myself. We'd been making out. I thought no one would believe me. #MeToo",1,1,3,,,,,,
919928744332185600,Subway: An old man took place next to me very (too)close. He put his hand to the side to touch my leg secretly. It was disgusting. #MeToo,1,1,2,,,,,,
921595082582540288,"There are no lengths women won't go to in order to avoid a CREEP. #MeToo , Sally girl. #TheNightmareBeforeChristmas #HarveyWeinstein pic.twitter.com/8GH959yrck",1,1,4,,,,,,
920165185750310912,#MeToo https:// twitter.com/CBSNews/status /920164493585510400 …,1,1,,,,,,,
920330999560572928,Men are also sexually harassed. That happened in Catholic school by a sick preiest and later by a femal suprior officer in the Army #MeToo,1,1,3,,,,,,
920004333806260224,Fuck I just realised what #MeToo means,1,1,,,,,,,
921378967512322049,"Like I think we can agree with all this #MeToo stuff that abuse is a wider systemic issue than just fandom"" or any one particular group""",1,2,,,,,,,
920217197422800897,"When have #women NOT traded #sex for physical and financial security? @KTHopkins , ONE honest #woman of the #MeToo bunch - https:// twitter.com/pieterhuizinga /status/920216176294334464 …",1,2,,,,,,,
920018941199597568,MeToo ..... u always. to Stevie,1,1,,,,,,,
923167399787905030,It goes without saying that men across the political spectrum routinely victimize the women in their lives. https:// nyti.ms/2zBWSkd #MeToo,1,1,,,,,,,
921377663960281088,#MeToo pic.twitter.com/B9nQaN3GuD,1,1,4,,,,,,
920123335190700032,#MeToo,1,1,4,,,,,,
920318084292005890,i know way too many people posting #metoo and just know that i love you and my heart hurts for you and i want to hug you all,1,1,,,,,,,
919923709271531521,#MeToo,1,1,4,,,,,,
920327424834973696,"#MeToo Same boss called late-night near my apt. to join him at bar, threatened to run my boyfriend off the road and HR did nothing to him.",1,1,2,,,,,,
920798033784086528,"#MeToo . I was in first grade, he was in high school.",1,1,3,,,,,,
922424872453791744,Four female senators tell their #MeToo stories https:// goo.gl/Q9RYzG,1,1,,,,,,,
921451287706705921,#metoo,1,1,,,,,,,
920179495096717312,Reminder that Harvey Weinstein is not white. He's jewish. #MeToo,1,1,,,,,,,
920207443443027969,#MeToo So important to remember that this is not just on men. It happens to them too. It’s a flaw in our culture! We ALL have to do better!,1,1,,,,,,,
920037882294951938,I couldn’t possibly list every time I’ve felt uncomfortable around a strange man but I can tell you all the lessons I’ve learned #MeToo,1,1,1,,,,,,
920213023226253312,#MeToo https:// twitter.com/Alyssa_Milano/ status/919659438700670976 …,1,1,4,,,,,,
921524730947162112,"#metoo is raising awareness, but taking sexual abuse to court is a minefield https:// trib.al/4DRXSZ6",1,1,,,,,,,
920076336588304385,Retweeted Sylvie ( @sylviemusic ): My entire Facebook feed is filled with #MeToo . Heartbreaking. Even as a... http:// fb.me/8ReSuV1z6,1,1,,,,,,,
919941207823749122,#Metoo trend highlights sexual harassment in wake of Weinstein claims https://www. theguardian.com/uk-news/2017/o ct/16/me-too-social-media-trend-highlights-sexual-harassment-of-women?CMP=share_btn_tw …,1,,,,,,,,
920006894625918976,#MeToo So many reasons why women don't report sexual assault harassment etc we must do better! My story is dark but I am a fighter/survivor pic.twitter.com/dXwBfKaF6Y,1,1,4,,,,,,
920435142287675395,#MeToo because no still means no even when you're in a relationship. The label isn't there for you to take what you want when you want.,1,1,,,,,,,
919884282088316928,#metoo What I wear has nothing to do with consent.,1,1,4,,,,,,
924321714883956736,gove's another dimwitted #tory sexist #MeToo #women have had enough of ignorant little boy *jokes* at our expense #JacobReesMogg #Cameron,1,,,,,,,,
924165863388995584,"Yeah, bro! #MeToo it's awesome!",,,,,,,,,
920129726475145216,#MeToo because wearing a baggy sweatshirt to school in 7th grade didn't stop a boy from grabbing my boob in the middle of a group project,1,1,2,,,,,,
920151056100687872,#MeToo,1,1,4,,,,,,
922493303219802112,By: Shannon Geary -- Cartoon: #MeToo http:// ow.ly/rmQP30g4cf5 pic.twitter.com/QGg0Cmt9es,2,,,,,,,,
920257685311967232,You’re not alone #metoo,1,1,4,,,,,,
920412332785913858,#MeToo https:// twitter.com/nytimes/status /919881893616717825 …,1,,,,,,,,
921013177604767744,South African singer Jennifer Ferguson says football boss #DannyJordan raped her in a hotel in Port Elizabeth #MeToo https://www. fray.news/debate,1,,3,,,,,,
920251600572178432,#MeToo,1,1,4,,,,,,
919991614403162113,#MeToo,1,1,4,,,,,,
920012845844180992,"My heart aches for all of those posting #metoo . I shouldn't have to feel lucky"" that I've been never been sexually assaulted. #ibelieveyou""",1,1,,,,,,,
920002078277324800,#MeToo https:// twitter.com/periodsforpols /status/919668780862705666 …,1,1,,,,,,,
920384798522204160,proud to stand behind this movement #metoo pic.twitter.com/oQqA6UhNUN,1,1,,,,,,,
920711839675273217,"It's doesn't matter ur black or white, sabko hilane ka moka milna chaiye. #MeToo pic.twitter.com/MZeKlWI54R",1,1,,,,,,,
920013669089423360,"Staying positive today, but #MeToo . Have left jobs because of it, when no one would listen. Wary of the streets when I'm alone. Be strong.",1,1,1,,,,,,
920271633411166208,"#metoo . 2 many 2 count. 6 public masturb, nasty catcalls, touches, grabs. I fought back & got in (verbal) street fights. F*ck those a$$holes",1,1,2,,,,,,
920712368065318922,"Why the #MeToo Moment Is Liberating, Dispiriting, and Uncomfortable All at Once https:// buff.ly/2xO74F0 #MeToo #StrongerTogether pic.twitter.com/n0VFlnOzF6",1,1,,,,,,,
919916611494141952,#MeToo,1,1,4,,,,,,
921149250616135680,#metoo,1,1,4,,,,,,
919869683263856641,"In a rooftop restaurant in Michigan a drunk guy walked by me, winked, and decided to grab my boob #MeToo",1,1,2,,,,,,
919922032686403585,"I’m within a spit of certainty that every woman I know could contribute to #metoo , and that speaks to a very real systemic issue in society.",1,1,,,,,,,
921078853187010560,#MeToo,1,1,4,,,,,,
921369393665150976,Is Marc Bergevin about to be the next topic in the #Metoo movement ? The storm is about to get bigger in the province of Quebec ...,1,,,,,,,,
919843295869665280,#MeToo,1,1,4,,,,,,
919926940600958981,"#MeToo If all the women sexually harassed or assaulted tweeted #MeToo , we might give people a sense of the magnitude of the problem.",1,1,,,,,,,
923064147717312512,Any crime stats may be construed as quite sombre.Not champers&mini doughnuts. In middle of #metoo http:// campaign.How insensitive.,2,,,,,,,,
923084255906934786,Women in political life say #MeToo . Here’s how harassment and violence limit their political lives worldwide http:// crwd.fr/2ldfXXB pic.twitter.com/Fkyma0XM0W,1,1,,,,,,,
921108993614929920,"Grainne also weighs in on the #MeToo call to out yourselves and wants you to know, you don't have to succumb to... http:// fb.me/3DK9aI7JE",2,,,,,,,,
920005389021671425,"She too wanted to say #metoo , but then what would others think of her.",1,1,,,,,,,
919966303699398656,#MeToo campaign shines light on those sexually harassed or assaulted - ABC News - http:// abcn.ws/2xIJfOG via @ABC,1,1,,,,,,,
919966187806539776,I hate that I could spend most of my day tweeting about my experiences with sexual harassment/assault. #MeToo,1,1,3,,,,,,
922581852841545730,"Top story: Amal Clooney’s #MeToo Moment — Will Biglaw Face Its Own Sexual Haras… https:// abovethelaw.com/2017/10/amal-c looneys-metoo-moment-will-biglaw-face-its-own-sexual-harassment-reckoning/ … , see more http:// tweetedtimes.com/v/2486?s=tnp",1,,,,,,,,
920043689422008320,#MeToo,1,1,4,,,,,,
922988784156889089,I liked a @YouTube video http:// youtu.be/FKHitGUJamU?a #MeToo Mattress With @Boldly #IWouldntEven,2,,,,,,,,
919925410003083264,#MeToo What else is there to say?,1,1,4,,,,,,
923310844519288832,http:// metro.co.uk/2017/10/19/tee spring-is-now-selling-eat-sleep-rape-repeat-and-other-pro-rape-t-shirts-7011926/ … #metoo #rapeculture #enditnow,1,1,,,,,,,
920024858217496576,#MeToo as a child,1,1,3,,,,,,
920133079854809089,"Me too. #metoo to all the women coming fwd I stand w you. & to all the women healing in private, I stand w you too. #roar #ibelieveyou",1,1,,,,,,,
920191862211612672,"#MeToo If all the women who have been sexually harassed or assaulted wrote Me too"" as a status, we might give... http:// fb.me/47CdRVDw0""",1,1,4,,,,,,
920255853193605120,#MeToo,1,1,4,,,,,,
920667791283380224,"I pray that if I ever have a daughter, she never experiences the things I have #MeToo",1,1,4,,,,,,
920105771584458752,Seeing all the #metoo posts on social media today breaks my heart. So much pain... I’m sorry. I… https://www. instagram.com/p/BaVNhVzFLd9/,1,1,,,,,,,
920648778616659968,"#MeToo I’m noticing a pattern.No matter our field of endeavor, the cost of admission was our womanhood",1,1,4,,,,,,
920102515018031104,#MeToo,1,1,4,,,,,,
920095271949778946,I am still completely uncomfortable being touched by strangers after 13 years because #MeToo,1,1,3,,,,,,
921270534800838656,They all enjoyed the sex in five star hotels and kept it secret and he gave them roles in hollywood. Why are they coming out now #MeToo,1,2,,,,,,,
920183640067334144,Women are saying #MeToo to break decades of silence on sexual assault experiences http://www. huffingtonpost.co.uk/entry/harvey-w einstein-scandal-prompts-women-to-reveal-their-experiences-of-sexual-assault-and-harassment_uk_59e45eaae4b0a52aca18dfe1?ncid=engmodushpmg00000004 … via @HuffPostUK,1,1,,,,,,,
920296558301798400,Many men downplay their actions and don't recognise them as sexual harassment. some even think it is funny to make those comments #MeToo,1,1,4,,,,,,
920381482610429952,"Not a lot to say about it, but #MeToo",1,1,4,,,,,,
920094775742693376,I understand this is mainly towards women speaking up but #metoo,1,1,4,,,,,,
922164911559417856,What decent men can do in response to #MeToo (opinion) - CNN http:// edition.cnn.com/2017/10/21/opi nions/what-men-can-do-me-too-stamp-opinion/index.html …,1,1,,,,,,,
920099649632866304,So many of my friends have shared their #MeToo stories. Nothing for me to say except I believe you and I'm sorry society is this shitty.,1,1,,,,,,,
921381065855467520,Here's to every #MeToo who's been reliving every moment this past week just hoping everybody will stop talking about it,1,1,,,,,,,
920251240000475136,Up since 4am and debated whether or not I was going to post this but... #MeToo pic.twitter.com/FgLEXCRSo9,1,1,4,,,,,,
920127316759474177,Carrie Fisher sent a cow tongue to a producer who sexually assaulted her friend https://www. huffingtonpost.com/entry/carrie-f isher-sexual-harassment-cow-tongue_us_59e540b0e4b0ca9f483a2a90?ncid=engmodushpmg00000004 … @WomenOccupyHwd #metoo,1,,,,,,,,
924354166889336833,Sexual misconduct stems from an imbalance of power. Want to help fix the problem? Elect more women! #MeToo http://www. sandiegouniontribune.com/opinion/editor ials/sd-sacramento-sexual-harassment-20171025-story.html …,1,1,,,,,,,
920751996482678784,I don't think I could name all my #metoo moments from 12-16 if I didn't block them out I think I'd lose it. https://t.co/5eHIu8QiQL,1,1,3,,,,,,
921118678686621697,#MeToo I got told I was nothing but a street whore by a teacher because I told a guy who grab my boobs to Fuck off... I was 18...,1,1,2,,,,,,
920771425627201536,Man on the sidewalk insists he is being nice when he obstructs my path to talk to me on my walk home. #metoo #endmen2k17,1,1,1,,,,,,
919955128140083200,#MeToo,1,1,4,,,,,,
921047840524300288,Neighbors can be abusers. A 36-year-old man has no business being with a 14-year-old girl all the time. Question that. Stop that. #MeToo,1,1,4,,,,,,
920027340347817984,#MeToo HRC pattern-of-behaviour: Victims: #TrailerTrash #BimboEruptions Bernie Voters: #BasementDwellers Trump Voters: #BasketOfDeplorables,1,1,,,,,,,
924025823325315072,"This is appalling, and exactly why women don't come forward. #Metoo https:// twitter.com/elisefoley/sta tus/923985272718745600 …",1,1,4,,,,,,
920356522017701888,#MeToo pic.twitter.com/Hoy2kEGMLz,1,1,4,,,,,,
920776373932908544,#MeToo @TripMotivation touched me inside my pee pee.,,,,,,,,,
920398962879852546,I feel like when you do reach out for help mostly the response you get is how it's your fault. Even if it wasn't. #metoo #survivor,1,1,4,,,,,,
920708425712939008,"Hey . @chelseahandler are you going to do a pussy hat #MeToo march in Hollywood against Weinstein’s #WarOnWomen ? If not, why? . @TheDemocrats",1,3,,,,,,,
920053374833139712,"Was worried by saying #MeToo I'd be taken to task for stepping on a mvmnt. Turns out, people's compassion is not gender specific. #UsToo https:// twitter.com/m_preston/stat us/920033960163446785 …",1,1,4,,,,,,
920058458858246145,#MeToo,1,1,4,,,,,,
920105075690713088,I’ve only recently realized that some of the stuff I blamed myself for wasn’t all my fault. #metoo,1,1,3,,,,,,
919861650982887424,The day my whole world flipped upside down... #metoo,1,1,4,,,,,,
924986843073986561,@zigx6969 #metoo https:// twitter.com/pakalupapito/s tatus/924946747511721984 …,1,1,4,,,,,,
920014031829831680,#MeToo,1,1,4,,,,,,
920081905369931777,"1st time I rprtd it, was told If u weren't so developed at such a young age it wouldn't be a problem, the boys were just curious."" #MeToo""",1,1,3,,,,,,
920278415248412672,#MeToo,1,1,4,,,,,,
919879060389580801,#MeToo Guy made sure I was drunk enough to not fight back.,1,1,3,,,,,,
920387940148236288,"i was waiting for a friend at a park. a man approached us, played with himself, & asked my friend & i do you want a piece of this?"" #MeToo""",1,1,2,,,,,,
924121337811128321,Once I hid under my desk at work to avoid my boss who would greet me in the mornings with a kiss on the lips #metoo,1,1,2,,,,,,
920343281916977152,#MeToo,1,1,4,,,,,,
920425448106070017,"sexual assault will scar someone for the rest of their life , leave them with a fear. That’s nothing to be joked about. #MeToo",1,1,4,,,,,,
920032731513286656,I stand in solidarity with women around the world who have experienced sexual harassment and assault #MeToo #MenToo #IBelieveYou,1,1,,,,,,,
919908013288361987,#MeToo https:// twitter.com/alyssa_milano/ status/919659438700670976 …,1,1,4,,,,,,
920798158132715520,Nothing has ever happened to me - but this is my version of my #MeToo story https:// twitter.com/indyMcP/status /920791592906059778 …,1,1,,,,,,,
921210064509263872,Things were done when I was too young to understand.Therefore he lives unpunished because I didn't know what happened & didn't tell. #MeToo,1,1,3,,,,,,
921367064677421056,Pray for you bro #metoo https:// twitter.com/jemulderboy/st atus/921366882187440128 …,1,1,,,,,,,
