2018-04-09 11:01:39,2018-04-09 11:03:33,0,100,114,1,2018-04-09 11:03:34,R_1EZpW0mppA1DHbn,anonymous,EN,1,22,2,,1,2,2,3,2,2,1,2,3,2,3,3,3,4,,1,,2,4,"2,4,5",
2018-04-09 11:01:34,2018-04-09 11:03:43,0,100,128,1,2018-04-09 11:03:44,R_31ZR2TIAu2eL12r,anonymous,EN,1,22,1,,1,1,2,2,1,4,2,2,2,1,3,3,3,,,3,,4,4,,
2018-04-09 11:01:41,2018-04-09 11:03:50,0,100,128,1,2018-04-09 11:03:51,R_24CxDau5L0eZ9Bz,anonymous,EN,1,21,1,,1,1,2,1,1,2,2,1,3,1,3,3,2,,,1,,4,3,"4,5",
2018-04-09 11:01:48,2018-04-09 11:04:02,0,100,134,1,2018-04-09 11:04:03,R_1q3vVRRZ95wRBzg,anonymous,EN,1,19,2,,2,3,2,2,1,2,3,2,3,2,3,3,2,4,,3,,2,3,"2,4",
2018-04-09 11:02:47,2018-04-09 11:04:57,0,100,129,1,2018-04-09 11:04:57,R_1qWGQWHLXrWnOrg,anonymous,EN,1,20,2,,2,2,3,3,2,3,3,3,3,1,2,3,3,,,1,,1,2,"3,4,5",
2018-04-09 11:02:18,2018-04-09 11:05:44,0,100,206,1,2018-04-09 11:05:44,R_3MiCDtrk9gJxTTd,anonymous,EN,1,22,2,,4,1,2,4,1,1,,1,4,2,3,3,3,,,3,,4,4,,
2018-04-09 11:06:15,2018-04-09 11:07:41,0,100,85,1,2018-04-09 11:07:41,R_31zITg1H8MxJwh1,anonymous,EN,1,19,2,,4,1,1,2,3,2,3,2,3,2,3,3,3,,,3,,2,2,"2,4",
2018-04-09 11:04:28,2018-04-09 11:08:15,0,100,227,1,2018-04-09 11:08:16,R_2UXjXinUM16HdOA,anonymous,EN,1,21,1,,1,2,3,3,3,2,3,3,3,1,3,3,3,3,Public exposure,2,,1,2,4,
2018-04-09 11:06:32,2018-04-09 11:08:46,0,100,134,1,2018-04-09 11:08:46,R_2OJvrr4gnIonmtM,anonymous,EN,1,18,2,,2,3,3,2,2,3,3,3,3,2,3,3,3,,,3,,4,2,"1,4",
2018-04-09 11:06:50,2018-04-09 11:09:03,0,100,133,1,2018-04-09 11:09:03,R_VPxuH9aNC73dlxD,anonymous,EN,1,20,2,,4,2,3,,2,2,3,1,3,2,3,3,3,,N/A,5,,4,3,"2,4",
2018-04-09 11:08:36,2018-04-09 11:10:29,0,100,113,1,2018-04-09 11:10:30,R_1juY4YtlD1q4Emi,anonymous,EN,1,19,2,,2,1,3,2,2,1,2,1,3,2,3,3,3,,,1,,4,4,"2,5",
2018-04-09 11:09:13,2018-04-09 11:11:18,0,100,125,1,2018-04-09 11:11:19,R_1MSpXp7roTtIGAK,anonymous,EN,1,22,2,,1,1,2,2,2,1,1,2,2,1,3,3,2,1,,3,,3,4,4,
2018-04-09 11:04:02,2018-04-09 11:11:18,0,100,436,1,2018-04-09 11:11:19,R_7ae5homxgqUgEPD,anonymous,EN,1,,,,,,,,,,,,,,,,,,,,,,,,
2018-04-09 11:09:33,2018-04-09 11:12:05,0,100,151,1,2018-04-09 11:12:05,R_ZIhga2NJ2quYxJT,anonymous,EN,1,20,2,,4,1,1,4,1,1,1,2,2,2,3,3,3,,,4,,2,3,"4,5",
2018-04-09 11:09:41,2018-04-09 11:12:26,0,100,165,1,2018-04-09 11:12:26,R_1joIf63vk9GwinU,anonymous,EN,1,21,1,,4,1,2,4,4,1,2,2,2,4,3,3,1,,,6,,3,3,5,
2018-04-09 11:09:05,2018-04-09 11:13:04,0,100,238,1,2018-04-09 11:13:05,R_2t9vIUHyciwRPHj,anonymous,EN,1,22,1,,1,1,2,1,2,4,1,2,2,1,3,3,2,4,M,4,,4,4,2,
2018-04-09 11:10:37,2018-04-09 11:13:23,0,100,166,1,2018-04-09 11:13:23,R_2fjrE3xX66R7kfP,anonymous,EN,1,18,1,,1,1,,2,2,2,1,2,2,2,3,3,3,,,1,,4,3,5,
2018-04-09 11:10:47,2018-04-09 11:13:27,0,100,159,1,2018-04-09 11:13:27,R_1CHoaO1l3frMAJJ,anonymous,EN,1,22,2,,1,2,3,2,2,2,2,2,3,2,3,3,3,,,5,,3,3,"1,2,3,4,5",
2018-04-09 11:11:03,2018-04-09 11:14:06,0,100,183,1,2018-04-09 11:14:07,R_2zPlIB5QPM9UQh7,anonymous,EN,1,19,1,,4,1,1,4,1,2,1,2,3,1,3,3,3,4,,6,,3,3,5,
2018-04-09 11:10:51,2018-04-09 11:14:28,0,100,217,1,2018-04-09 11:14:28,R_2rI5kZx8GxdlDwl,anonymous,EN,1,19,2,,2,3,3,3,3,2,3,3,3,3,3,3,3,4,,5,,2,1,4,
2018-04-09 11:09:57,2018-04-09 11:14:36,0,100,278,1,2018-04-09 11:14:36,R_1HqK9XGgnCHcGlk,anonymous,EN,1,19,1,,1,2,3,2,1,2,2,2,3,2,3,3,3,4,,6,,3,3,"1,2,4,5",
2018-04-09 11:13:27,2018-04-09 11:15:49,0,100,141,1,2018-04-09 11:15:49,R_WkAFtP3LhYkPPUt,anonymous,EN,1,19,2,,2,3,3,2,2,3,3,3,3,3,3,3,3,4,,1,,4,4,"1,2,3,4,5",
2018-04-09 11:13:09,2018-04-09 11:16:36,0,100,206,1,2018-04-09 11:16:36,R_VXAr6lAwpAxIpax,anonymous,EN,1,21,1,,2,2,3,3,3,1,3,3,3,4,3,3,3,,,3,,4,3,5,
2018-04-09 11:14:43,2018-04-09 11:17:09,0,100,146,1,2018-04-09 11:17:10,R_WwlHt51KXDKDPNL,anonymous,EN,1,21,2,,1,1,2,2,2,2,2,2,3,2,3,3,3,4,,1,,2,2,"2,4,5",
2018-04-09 11:15:01,2018-04-09 11:17:11,0,100,130,1,2018-04-09 11:17:11,R_UosGk5wRw3PMcmd,anonymous,EN,1,21,2,,1,2,2,2,3,1,2,3,3,3,3,3,3,4,,3,,4,4,"2,4",
2018-04-09 11:14:20,2018-04-09 11:17:36,0,100,195,1,2018-04-09 11:17:36,R_898pmWUsXEsrLZT,anonymous,EN,1,22,1,,4,2,2,2,3,2,2,2,3,3,3,3,3,,,3,,3,4,"3,5",
2018-04-09 11:14:53,2018-04-09 11:17:41,0,100,167,1,2018-04-09 11:17:41,R_2pYpiMduoRS4JZ8,anonymous,EN,1,19,2,,2,2,3,2,2,2,2,2,3,2,3,3,2,,,1,,4,4,1,
2018-04-09 11:08:32,2018-04-09 11:17:43,0,100,550,1,2018-04-09 11:17:43,R_p9uifYLHqQerqTv,anonymous,EN,1,19,2,,2,2,3,2,2,2,3,3,3,3,3,3,3,4,,3,,4,3,"1,2,4,5",
2018-04-09 11:14:43,2018-04-09 11:17:44,0,100,181,1,2018-04-09 11:17:44,R_vHzmJlrtF13epj3,anonymous,EN,1,22,2,,1,2,2,2,2,3,3,2,3,2,3,3,3,,,3,,2,4,"1,2,3",
2018-04-09 11:15:10,2018-04-09 11:18:00,0,100,170,1,2018-04-09 11:18:01,R_3EE9XV65CDpAU58,anonymous,EN,1,22,2,,4,2,3,2,2,1,4,2,3,2,3,3,3,,,3,,2,2,3,
2018-04-09 11:15:22,2018-04-09 11:18:04,0,100,161,1,2018-04-09 11:18:05,R_BJxt7SRj3SAKnzX,anonymous,EN,1,21,2,,1,2,3,2,2,2,3,2,3,2,3,3,3,4,,1,,3,2,"2,4,5",
2018-04-09 11:16:34,2018-04-09 11:18:29,0,100,115,1,2018-04-09 11:18:29,R_1jSV00OiN8ptPq9,anonymous,EN,1,20,2,,1,1,2,2,2,2,3,2,3,3,3,3,3,4,,3,,2,3,"1,4,5",
2018-04-09 11:16:31,2018-04-09 11:18:49,0,100,137,1,2018-04-09 11:18:49,R_3j9um2dzCnzDgqr,anonymous,EN,1,21,2,,2,2,3,3,2,3,3,3,3,2,3,3,3,4,,1,,2,2,2,
2018-04-09 11:17:42,2018-04-09 11:19:50,0,100,127,1,2018-04-09 11:19:50,R_b3m8x8VEGFS2QEN,anonymous,ES,1,20,2,,1,2,2,3,3,1,2,1,2,2,3,3,3,,,6,,2,2,"1,2,4,5",
2018-04-09 11:20:07,2018-04-09 11:20:34,0,100,26,1,2018-04-09 11:20:34,R_1ria0L90nCAVGNs,anonymous,EN,1,,,,,,,,,,,,,,,,,,,,,,,,
2018-04-09 11:20:18,2018-04-09 11:23:02,0,100,164,1,2018-04-09 11:23:02,R_3DpTqoxyq6OnQ6W,anonymous,EN,1,19,2,,2,1,2,2,3,1,2,2,3,2,3,3,3,,,3,,2,3,"2,3,4",
2018-04-09 11:20:33,2018-04-09 11:24:26,0,100,232,1,2018-04-09 11:24:26,R_2xXb5RUxVbS6gcE,anonymous,EN,1,21,2,,1,2,2,3,3,3,3,2,3,1,3,3,2,4,,1,,2,3,"2,4,5",
2018-04-09 11:20:33,2018-04-09 11:24:44,0,100,250,1,2018-04-09 11:24:44,R_2bK1Esxzkg4w5yz,anonymous,EN,1,22,2,,2,2,2,3,2,2,3,3,3,3,3,3,3,4,,3,,4,2,2,
2018-04-09 11:24:07,2018-04-09 11:26:58,0,100,171,1,2018-04-09 11:26:59,R_1QKRKUVOWLNcEKL,anonymous,EN,1,22,2,,2,2,3,2,3,3,3,3,3,2,3,3,3,,,3,,2,3,"2,4,5,6","I think this pertains to the option above, but when you report something on Instagram, Facebook, etc, it could pop up with a list of national, state and local resources based on your location. "
2018-04-09 11:04:05,2018-04-09 11:27:47,0,100,1421,1,2018-04-09 11:27:47,R_22AdMMfmvjkDEZa,anonymous,EN,1,19,2,,1,2,3,2,2,2,3,2,3,2,3,3,3,,,1,,2,4,"1,2,4,5,6","Somehow flagging people who send inappropriate messages so that they can be easily removed from the platform. Also, some people will tag random other people in inappropriate posts, so maybe a way to only allow certain friends to tag you in posts would help"
2018-04-09 11:25:51,2018-04-09 11:28:33,0,100,161,1,2018-04-09 11:28:33,R_29azyin5rPplY6U,anonymous,EN,1,19,2,,2,2,2,3,3,3,3,3,3,3,3,3,3,,,1,,2,2,"1,2,3,4,5",
2018-04-09 11:25:54,2018-04-09 11:28:48,0,100,174,1,2018-04-09 11:28:49,R_1N1ZBjozWrCRugE,anonymous,EN,1,21,1,,1,1,2,2,3,3,3,2,3,3,3,3,3,,,4,,4,4,"2,4,5",
2018-04-09 11:26:17,2018-04-09 11:29:25,0,100,188,1,2018-04-09 11:29:26,R_1gkCkRHeY5wZtec,anonymous,EN,1,21,2,,2,3,3,3,3,1,3,,3,2,3,3,3,,,3,,4,2,"2,3,4",
2018-04-09 11:28:18,2018-04-09 11:30:25,0,100,126,1,2018-04-09 11:30:25,R_2yqPnrEASjplhzq,anonymous,EN,1,22,2,,4,1,1,1,2,1,2,2,2,1,3,3,3,,,5,,4,4,5,
2018-04-09 11:30:09,2018-04-09 11:32:30,0,100,140,1,2018-04-09 11:32:30,R_sbecOEajBJ3P4rf,anonymous,EN,1,19,2,,2,2,2,3,3,3,3,3,3,2,3,3,3,,,3,,2,4,"2,4,5",
2018-04-09 11:31:55,2018-04-09 11:33:25,0,100,90,1,2018-04-09 11:33:26,R_1Hcp86qUoO5QBXL,anonymous,EN,1,18,2,,1,2,3,2,2,3,3,3,3,1,3,3,3,,,2,,4,4,"1,2,4,5",
2018-04-09 11:31:31,2018-04-09 11:34:22,0,100,170,1,2018-04-09 11:34:22,R_UuRMpLsSWAWRTr3,anonymous,EN,1,20,1,,2,2,3,3,3,3,3,2,3,2,3,3,3,,,3,,2,2,4,
2018-04-09 11:34:20,2018-04-09 11:36:32,0,100,131,1,2018-04-09 11:36:32,R_2dKomevqsnwdHZW,anonymous,EN,1,20,2,,1,2,2,1,2,2,1,3,3,2,3,3,3,4,,3,,4,3,"1,3,4,5",
2018-04-09 11:35:45,2018-04-09 11:37:22,0,100,96,1,2018-04-09 11:37:22,R_3g5WmRLFlUS4fji,anonymous,EN,1,21,1,,1,1,2,2,3,3,3,2,3,2,3,3,3,4,,4,,3,3,"4,5",
2018-04-09 11:35:37,2018-04-09 11:37:57,0,100,140,1,2018-04-09 11:37:58,R_XZ1AzKvrN2yfpsd,anonymous,EN,1,22,2,,1,2,3,3,2,3,2,2,3,2,3,3,3,,,3,,4,3,"4,5",
2018-04-09 11:34:56,2018-04-09 11:39:27,0,100,270,1,2018-04-09 11:39:28,R_51DyfmEdYi5Uqtz,anonymous,EN,1,19,2,,1,2,3,2,1,1,3,3,3,2,3,3,1,3,remarks about sexual activity or speculations about previous sexual experience,5,,1,3,"2,4",
2018-04-09 11:37:32,2018-04-09 11:43:22,0,100,350,1,2018-04-09 11:43:23,R_1qg5xHDViBJ8jty,anonymous,EN,1,19,1,,4,4,2,1,1,1,2,1,2,2,3,3,2,4,,1,,4,4,5,
2018-04-09 11:43:22,2018-04-09 11:46:54,0,100,211,1,2018-04-09 11:46:54,R_3HFxV3gLJMKxbWo,anonymous,EN,1,21,1,,1,1,2,2,1,2,2,2,3,2,3,3,3,,,4,,4,2,"2,4",
2018-04-09 11:44:45,2018-04-09 11:47:08,0,100,143,1,2018-04-09 11:47:09,R_2PcDUjWD2kHnqED,anonymous,EN,1,22,2,,2,2,3,3,3,2,3,3,3,3,3,3,3,,,1,,2,3,"1,2,3,4,5",
2018-04-09 11:37:09,2018-04-09 11:47:27,0,100,617,1,2018-04-09 11:47:28,R_3JrroojBnkP9y1v,anonymous,EN,1,23,1,,4,1,3,2,2,1,3,3,3,2,3,3,3,,,4,,1,1,"1,2,6","I don't really think social media can strongly fight sexual harassment. Users can block harassers, and the website can suspend reported harassers; but that's about it. Anything further requires removing anonymity on social media so that their actions can be permanently linked with them, but that also risks exposing the personal information of victims."
2018-04-09 11:44:55,2018-04-09 11:47:51,0,100,175,1,2018-04-09 11:47:51,R_2OYMyAv64XKbRnN,anonymous,EN,1,19,2,,4,2,2,2,1,4,1,1,3,2,3,3,2,4,,3,,1,3,"4,5",
2018-04-09 11:45:35,2018-04-09 11:50:20,0,100,284,1,2018-04-09 11:50:20,R_1CEFhn0dbr3OmcN,anonymous,EN,1,18,1,,4,1,1,4,2,3,3,2,2,1,3,3,2,,,4,,4,3,2,
2018-04-09 11:48:27,2018-04-09 11:51:29,0,100,181,1,2018-04-09 11:51:29,R_1GwfKLs8RmmZMcv,anonymous,EN,1,21,1,,1,4,1,1,1,4,4,4,1,1,2,2,2,4,,5,,1,4,2,
2018-04-09 11:49:51,2018-04-09 11:52:50,0,100,178,1,2018-04-09 11:52:50,R_3F1ZdPoRfAlUZTg,anonymous,EN,1,21,2,,2,1,2,2,2,1,3,3,2,1,3,3,2,4,,3,,4,2,"3,4,5",
2018-04-09 11:50:32,2018-04-09 11:53:14,0,100,162,1,2018-04-09 11:53:14,R_1Dq0qr2i2EoreIH,anonymous,EN,1,19,2,,1,2,2,2,2,2,2,2,3,2,3,3,3,,,3,,1,4,"2,4",
2018-04-09 11:51:33,2018-04-09 11:53:23,0,100,110,1,2018-04-09 11:53:24,R_1q835W5yZewp4rX,anonymous,EN,1,20,2,,1,2,2,2,2,1,3,1,2,1,3,3,3,4,,1,,3,4,4,
2018-04-09 11:53:13,2018-04-09 11:54:59,0,100,106,1,2018-04-09 11:55:01,R_25BhxV60kvo7K4H,anonymous,EN,1,20,1,,1,2,2,1,3,1,3,3,3,2,3,3,3,,,3,,3,3,2,
2018-04-09 11:51:29,2018-04-09 11:55:23,0,100,233,1,2018-04-09 11:55:23,R_3fr7dovujkjPGhW,anonymous,EN,1,19,1,,1,2,1,2,2,3,3,2,3,2,3,3,3,4,,1,,3,4,4,
2018-04-09 11:54:09,2018-04-09 11:56:06,0,100,117,1,2018-04-09 11:56:07,R_1MRnp8ePYnsglpy,anonymous,EN,1,21,2,,1,1,2,2,3,3,3,3,3,3,3,3,3,4,,3,,2,3,"4,5",
2018-04-09 11:56:50,2018-04-09 11:59:33,0,100,163,1,2018-04-09 11:59:34,R_yk0rANY2g4M9ns5,anonymous,EN,1,19,1,,4,1,2,2,4,2,2,2,3,2,3,3,3,4,,3,,1,3,"2,4",
2018-04-09 12:02:21,2018-04-09 12:04:49,0,100,148,1,2018-04-09 12:04:50,R_263bZe0VWRUS677,anonymous,EN,1,19,2,,4,2,2,3,2,3,3,2,3,2,3,3,3,4,,3,,2,2,"2,4",
2018-04-09 12:03:19,2018-04-09 12:05:45,0,100,145,1,2018-04-09 12:05:45,R_3maZfggbdX5vEUG,anonymous,EN,1,22,1,,2,2,3,3,2,2,3,2,3,2,3,3,4,,,4,,2,2,"1,2,4,5",
2018-04-09 12:06:14,2018-04-09 12:07:53,0,100,99,1,2018-04-09 12:07:53,R_31ctkMCVKlFMuR1,anonymous,EN,1,20,2,,1,2,1,3,2,3,3,3,3,3,3,3,3,4,,3,,1,2,"2,4",
2018-04-09 11:11:42,2018-04-09 12:08:18,0,100,3396,1,2018-04-09 12:08:18,R_8oTQUrbvpT9Aj3b,anonymous,EN,1,20,2,,1,2,3,3,2,1,3,3,3,2,3,3,3,4,,1,,1,2,"1,2,4,5",
2018-04-09 12:09:03,2018-04-09 12:13:32,0,100,268,1,2018-04-09 12:13:32,R_3ExUMVyw8ZnmFsX,anonymous,EN,1,21,1,,4,1,2,4,4,1,1,1,1,2,3,3,2,4,N/A,4,,2,3,"1,2,3,4,5",
2018-04-09 12:14:16,2018-04-09 12:15:42,0,100,85,1,2018-04-09 12:15:43,R_1H6RucOBZ5sQzvm,anonymous,EN,1,20,2,,1,2,1,2,2,1,2,3,2,2,3,3,3,,,4,,2,2,"1,2",
2018-04-09 12:14:05,2018-04-09 12:16:04,0,100,118,1,2018-04-09 12:16:05,R_3dNb9l7iSINDGVm,anonymous,EN,1,18,1,,4,2,2,1,4,1,2,2,3,2,3,3,3,4,,6,,1,3,4,
2018-04-09 12:14:51,2018-04-09 12:17:13,0,100,142,1,2018-04-09 12:17:14,R_3P7uCQP5DDoU4h6,anonymous,EN,1,22,1,,1,2,2,3,3,4,1,2,3,1,3,3,3,4,,4,,3,4,"1,4,5,6",Blocking accounts that make lewd or obscene posts
2018-04-09 12:17:07,2018-04-09 12:18:47,0,100,100,1,2018-04-09 12:18:48,R_Uu0VehJ7JqTtKrn,anonymous,EN,1,22,2,,1,2,2,3,2,1,3,3,3,2,3,3,3,,,3,,1,2,"2,4,5",
2018-04-09 12:18:08,2018-04-09 12:19:59,0,100,111,1,2018-04-09 12:19:59,R_xGbcZSpBfGB04sV,anonymous,EN,1,19,1,,4,1,2,1,4,1,2,1,1,1,2,3,2,,,4,,2,2,"1,3,4,5",
2018-04-09 12:20:55,2018-04-09 12:24:27,0,100,212,1,2018-04-09 12:24:28,R_3hcBUWYj6f9Dwjk,anonymous,EN,1,19,2,,4,2,2,1,3,3,2,3,3,3,3,3,3,4,not sure,3,,4,3,"1,2,4,5",
2018-04-09 12:16:52,2018-04-09 12:26:30,0,100,578,1,2018-04-09 12:26:30,R_2zV0V7WB96zAzdL,anonymous,EN,1,20,2,,1,1,2,1,4,4,1,1,2,1,3,3,3,,,3,,2,2,"2,4,6",Have an option to block and report someone for sexual harassment
2018-04-09 12:05:44,2018-04-09 12:26:30,0,100,1245,1,2018-04-09 12:26:30,R_2fINGaN2enjEzlO,anonymous,EN,1,18,2,,1,2,3,3,1,3,3,3,3,2,3,3,3,3,Groping or other touching,3,,4,4,"2,3,4",
2018-04-09 12:24:48,2018-04-09 12:27:09,0,100,141,1,2018-04-09 12:27:09,R_VJNBLgliANRRNcJ,anonymous,EN,1,20,1,,4,1,2,2,4,2,2,2,2,2,3,3,3,,,3,,4,4,,
2018-04-09 12:30:24,2018-04-09 12:32:27,0,100,123,1,2018-04-09 12:32:27,R_3DticgUoN6Ha6TX,anonymous,EN,1,21,2,,1,1,2,2,2,1,2,2,3,2,3,3,3,4, ,5,,3,1,4,
2018-04-09 12:38:37,2018-04-09 12:43:15,0,100,278,1,2018-04-09 12:43:15,R_Xp2G60XdVExyauR,anonymous,EN,1,20,2,,1,2,3,2,3,2,2,2,3,2,3,3,3,,,4,,2,3,"2,4,5",
2018-04-09 12:38:48,2018-04-09 12:43:15,0,100,267,1,2018-04-09 12:43:16,R_3PC42ZeRvWsisTM,anonymous,EN,1,18,2,,1,2,2,2,2,2,2,2,3,3,3,3,3,,,3,,2,4,"1,2,3,4,5",
2018-04-09 12:58:26,2018-04-09 12:59:48,0,100,81,1,2018-04-09 12:59:48,R_vNf0RydIiuMgRhL,anonymous,EN,1,18,2,,2,2,3,3,2,2,2,2,3,1,3,3,3,,,3,,1,2,"2,4,5",
2018-04-09 13:01:16,2018-04-09 13:03:24,0,100,128,1,2018-04-09 13:03:24,R_1dAK1jqSGiSeasz,anonymous,EN,1,18,2,,2,2,2,3,3,2,3,3,3,2,3,3,3,4,None,4,,2,4,"1,4,5",
2018-04-09 13:02:13,2018-04-09 13:05:40,0,100,206,1,2018-04-09 13:05:40,R_2dXDvY8BMPPn5Og,anonymous,EN,1,21,2,,1,2,2,2,3,4,3,2,3,4,3,3,3,,,3,,2,2,"4,5",
2018-04-09 13:06:21,2018-04-09 13:08:04,0,100,102,1,2018-04-09 13:08:04,R_1qfWFVgHSIXKdpo,anonymous,EN,1,,2,,1,2,3,2,2,2,2,2,3,1,3,3,4,,,3,,4,4,2,
2018-04-09 13:08:13,2018-04-09 13:11:16,0,100,183,1,2018-04-09 13:11:17,R_3edWPO6iClpzD1O,anonymous,EN,1,20,2,,1,2,3,2,3,3,3,2,3,2,3,3,3,,,1,,4,4,1,
2018-04-09 13:12:52,2018-04-09 13:15:44,0,100,171,1,2018-04-09 13:15:45,R_1nOb9mlCSRPx7Ac,anonymous,EN,1,21,2,,1,2,3,3,3,2,2,3,3,3,3,3,3,2,Name calling ,5,,3,2,1,
2018-04-09 13:30:10,2018-04-09 13:32:34,0,100,144,1,2018-04-09 13:32:35,R_XojS8iSN3TMkVQB,anonymous,EN,1,21,2,,4,4,1,1,2,2,1,2,3,2,3,3,3,,,1,,4,2,"1,2,3,4",
2018-04-09 13:35:44,2018-04-09 13:37:54,0,100,130,1,2018-04-09 13:37:54,R_1l6nNDWFbc03G3F,anonymous,EN,1,22,1,,1,1,2,2,1,2,2,1,2,2,3,3,3,,,1,,4,4,"2,4",
2018-04-09 13:37:50,2018-04-09 13:40:46,0,100,175,1,2018-04-09 13:40:46,R_239x3Z9PxPZjJqv,anonymous,EN,1,22,2,,1,2,1,2,2,3,3,2,3,1,3,3,2,,,2,,3,4,"4,5",
2018-04-09 13:41:11,2018-04-09 13:44:56,0,100,224,1,2018-04-09 13:44:56,R_3Ec0ihGEkTwJP1C,anonymous,EN,1,18,2,,1,2,2,1,1,1,2,2,1,1,2,3,3,3,Rumors of alleged sexual contact,3,,3,4,"1,5",
2018-04-09 13:44:20,2018-04-09 13:46:44,0,100,143,1,2018-04-09 13:46:44,R_11Yim6S8GMgsD3s,anonymous,EN,1,20,2,,2,2,3,1,2,1,2,3,3,3,3,3,3,,,3,,2,2,"1,3,4",
2018-04-09 13:45:40,2018-04-09 13:48:03,0,100,143,1,2018-04-09 13:48:04,R_3aAJBxZc5dYDBHX,anonymous,EN,1,20,2,,1,1,2,2,2,1,3,2,3,2,3,3,3,,,3,,2,3,"1,2,5",
2018-04-09 13:52:11,2018-04-09 13:54:56,0,100,165,1,2018-04-09 13:54:57,R_1n8v4WP7sNGOVT8,anonymous,EN,1,21,2,,1,1,2,1,1,2,2,3,3,1,3,3,3,4,NA,3,,4,2,2,
2018-04-09 13:58:57,2018-04-09 14:01:27,0,100,149,1,2018-04-09 14:01:27,R_3L24HTznY2sl6sZ,anonymous,EN,1,18,2,,4,1,2,2,2,3,2,2,3,2,3,3,3,,,4,,4,4,"4,5",
2018-04-09 14:07:40,2018-04-09 14:09:58,0,100,137,1,2018-04-09 14:09:59,R_1qUSLBoJtl7W9gA,anonymous,ES,1,22,2,,1,1,2,2,2,4,2,2,3,3,3,3,3,,,1,,4,2,"2,4,5",
2018-04-09 14:54:57,2018-04-09 14:58:12,0,100,194,1,2018-04-09 14:58:12,R_ypSXtUKofroRurD,anonymous,EN,1,20,1,,1,1,3,2,3,2,2,3,3,1,3,3,3,4,,4,,3,2,"1,5",
2018-04-09 14:54:43,2018-04-09 15:02:22,0,100,459,1,2018-04-09 15:02:22,R_28N91s5pSDKM0AI,anonymous,EN,1,22,2,,1,1,2,2,3,2,3,2,3,2,3,3,3,4,,1,,4,4,"1,4,5",
2018-04-09 15:10:50,2018-04-09 15:14:30,0,100,220,1,2018-04-09 15:14:31,R_2P0wLJGusW34S8v,anonymous,EN,1,21,2,,4,4,2,4,1,4,1,4,3,4,3,3,2,,,1,,2,1,"3,4,5",
2018-04-09 15:17:51,2018-04-09 15:20:11,0,100,140,1,2018-04-09 15:20:12,R_3kCxJ9HXoiHvG7f,anonymous,EN,1,19,1,,1,2,2,2,2,2,1,2,2,1,3,3,3,4,,3,,4,4,"2,4",
2018-04-09 15:19:55,2018-04-09 15:22:05,0,100,130,1,2018-04-09 15:22:05,R_2PpYWlwvzR1gkBw,anonymous,EN,1,22,2,,2,2,3,3,3,2,2,3,3,3,3,3,3,,,1,,4,3,2,
2018-04-09 15:27:09,2018-04-09 15:30:36,0,100,207,1,2018-04-09 15:30:36,R_7PuHnSVPdvwQu2J,anonymous,EN,1,19,2,,2,2,2,3,3,3,3,3,3,2,3,3,3,4,,4,,2,3,"1,4,5,6","If an excessive number of posts are reported, submit the name to an authority"
2018-04-09 15:51:03,2018-04-09 15:53:09,0,100,126,1,2018-04-09 15:53:10,R_30u9EtPUiXF8v0K,anonymous,EN,1,19,1,,1,2,3,1,2,1,2,1,2,2,3,3,3,4,,6,,4,4,4,
2018-04-09 15:54:49,2018-04-09 16:00:41,0,100,351,1,2018-04-09 16:00:41,R_2TtLawFFqFw3nzx,anonymous,EN,1,20,2,,4,1,2,1,4,4,1,1,3,2,3,3,3,4,,1,,1,2,"4,5",
2018-04-09 16:02:49,2018-04-09 16:08:11,0,100,322,1,2018-04-09 16:08:12,R_2sSUceAWLNIiB60,anonymous,EN,1,20,1,,4,4,1,2,2,1,2,2,2,2,3,3,3,4,N/A,5,,4,4,"1,3,4,5",
2018-04-09 16:39:36,2018-04-09 16:41:39,0,100,123,1,2018-04-09 16:41:40,R_28Tdc47l4Ip9paz,anonymous,EN,1,20,2,,3,3,3,3,3,3,3,3,4,4,3,3,3,,,6,,3,3,"5,6",quick responses to reporting of comments/posts
2018-04-09 16:36:38,2018-04-09 16:47:28,0,100,649,1,2018-04-09 16:47:28,R_5uxyf057E6xo1dD,anonymous,EN,1,19,1,,1,3,2,3,3,1,2,2,3,2,3,3,3,4,,3,,2,2,"1,2,3,4,5",
2018-04-09 16:52:51,2018-04-09 16:54:58,0,100,126,1,2018-04-09 16:54:59,R_3Mgv9on3cBGPMFW,anonymous,EN,1,20,1,,2,2,3,3,2,2,3,2,2,2,3,3,3,4,,3,,3,3,4,
2018-04-09 17:04:36,2018-04-09 17:12:11,0,100,455,1,2018-04-09 17:12:11,R_3O8iQeKvKk2SZhE,anonymous,EN,1,20,1,,4,1,2,4,4,1,1,1,2,4,4,3,4,,,2,,4,2,6,"None of the above are good suggestions for limiting cases of sexual harassment on social media given how the way they are worded could imply encroaching on the First Amendment and freedom of information. The best way is for the user being ""sexually harassed"" on social media is for them to continuously block the individual and completely disintegrate contact with the harasser. "
2018-04-09 17:34:18,2018-04-09 17:36:40,0,100,141,1,2018-04-09 17:36:40,R_21aEj7FTNquupsr,anonymous,EN,1,22,1,,1,1,1,2,2,3,2,2,3,1,2,3,3,4,,3,,4,2,"2,5",
2018-04-09 11:02:22,2018-04-09 18:06:42,0,100,25460,1,2018-04-09 18:06:43,R_2TRael4Dpue8khc,anonymous,EN,1,19,2,,1,3,2,3,3,1,2,2,3,2,3,3,3,,,3,,2,2,"1,2,3,4,5",
2018-04-09 18:04:46,2018-04-09 18:07:01,0,100,134,1,2018-04-09 18:07:01,R_1QaPEbivJjhR4hj,anonymous,EN,1,19,2,,2,1,4,1,2,1,2,2,3,2,3,3,2,,,4,,1,2,"3,4",
2018-04-09 17:56:31,2018-04-09 18:11:12,0,100,881,1,2018-04-09 18:11:12,R_3Eo46hno1LJyTPv,anonymous,EN,1,20,2,,2,2,3,2,1,1,2,2,3,1,3,3,3,,,3,,4,4,"2,3,4",
2018-04-09 18:41:39,2018-04-09 18:44:19,0,100,159,1,2018-04-09 18:44:19,R_3hgsn1AF4ettB7b,anonymous,EN,1,20,2,,2,3,2,3,3,3,3,3,3,2,3,3,2,4,,2,,1,2,"1,3,4,5",
2018-04-09 18:42:29,2018-04-09 18:44:34,0,100,125,1,2018-04-09 18:44:34,R_1jprK8cd9yxWPEo,anonymous,EN,1,19,2,,1,2,3,2,3,3,3,3,3,2,3,3,3,4,,1,,4,4,"1,2,3,4,5",
2018-04-09 19:40:31,2018-04-09 19:42:02,0,100,91,1,2018-04-09 19:42:03,R_3f0ZBPUSg1qt4fn,anonymous,EN,1,20,2,,1,2,3,3,3,3,2,2,3,1,3,3,3,,,3,,2,3,"2,4",
2018-04-09 19:52:21,2018-04-09 19:55:37,0,100,196,1,2018-04-09 19:55:38,R_3RkkCy6bmoFfLhU,anonymous,EN,1,21,2,,1,2,3,2,3,2,3,1,3,1,3,3,3,4,,4,,2,2,"1,3,4,5",
2018-04-09 19:53:18,2018-04-09 19:58:04,0,100,286,1,2018-04-09 19:58:04,R_1dhnBfmtXrM0mbf,anonymous,EN,1,22,1,,4,1,3,2,2,1,2,2,2,1,3,3,2,4,,4,,2,3,"2,4",
2018-04-09 20:24:40,2018-04-09 20:27:06,0,100,146,1,2018-04-09 20:27:07,R_2Bb3cMEUgLPrdki,anonymous,EN,1,18,2,,1,2,2,2,2,1,2,2,2,2,3,3,2,4,,5,,2,4,"1,4",
2018-04-09 20:38:32,2018-04-09 20:40:07,0,100,95,1,2018-04-09 20:40:08,R_1GWzzqCxTyT7MDI,anonymous,EN,1,20,2,,1,1,1,1,1,1,1,1,1,1,1,1,1,,,3,,3,3,4,
2018-04-09 20:38:26,2018-04-09 20:40:51,0,100,144,1,2018-04-09 20:40:51,R_6mzITd5QW9HwOLD,anonymous,EN,1,20,2,,4,1,1,4,1,1,1,2,3,2,3,3,1,1,,3,,3,3,4,
2018-04-09 20:38:32,2018-04-09 20:40:55,0,100,143,1,2018-04-09 20:40:56,R_PtG596UjLj78vQZ,anonymous,EN,1,19,2,,4,1,1,2,1,1,2,1,2,1,3,3,3,,,3,,3,3,4,
2018-04-09 20:38:21,2018-04-09 20:40:56,0,100,155,1,2018-04-09 20:40:56,R_2COOW4RevLZ8uLH,anonymous,EN,1,21,2,,1,2,3,3,3,1,2,2,3,2,3,3,3,4,N/A,3,,2,3,"4,6",NA
2018-04-09 20:38:28,2018-04-09 20:41:37,0,100,189,1,2018-04-09 20:41:37,R_0AgnSGx69YDjtuh,anonymous,EN,1,20,2,,4,2,3,1,4,1,2,2,3,2,3,3,3,4,,4,,2,2,5,
2018-04-09 20:38:17,2018-04-09 20:41:49,0,100,212,1,2018-04-09 20:41:50,R_ueI7MFQtPN0GuS5,anonymous,EN,1,20,2,,4,1,3,3,1,3,3,2,3,4,3,3,3,4,,3,,2,4,4,
2018-04-09 20:38:21,2018-04-09 20:41:51,0,100,210,1,2018-04-09 20:41:52,R_W2nGakwEhpzzlfP,anonymous,EN,1,19,2,,4,2,4,2,3,1,2,2,3,4,3,3,3,,,4,,2,3,"1,2,4",
2018-04-09 20:38:12,2018-04-09 20:43:34,0,100,321,1,2018-04-09 20:43:34,R_p0lrUlal0Ct4Jy1,anonymous,EN,1,21,2,,1,1,2,1,3,2,3,2,3,1,3,3,3,,,3,,2,2,"2,4",
2018-04-09 20:43:07,2018-04-09 20:44:57,0,100,110,1,2018-04-09 20:44:57,R_2TREywlLrv81Kgd,anonymous,EN,1,19,2,,4,2,2,2,2,3,2,3,3,3,3,3,3,1,,3,,2,3,"1,2,3,4,5",
2018-04-09 20:43:25,2018-04-09 20:45:52,0,100,147,1,2018-04-09 20:45:53,R_1dNpVmdvly20H4N,anonymous,EN,1,19,2,,1,2,2,1,1,2,1,2,2,2,3,3,3,,,3,,2,3,"1,2",
2018-04-09 20:47:09,2018-04-09 20:49:13,0,100,124,1,2018-04-09 20:49:14,R_9S5h0C5g6pZfBcJ,anonymous,EN,1,19,2,,2,2,2,2,1,3,2,2,3,2,3,3,3,4,,4,,2,2,"1,2,3,4,5",
2018-04-09 20:47:34,2018-04-09 20:50:14,0,100,160,1,2018-04-09 20:50:15,R_3rUQ9IYJvn6ofHh,anonymous,EN,1,20,2,,1,2,2,3,3,3,3,2,3,3,3,3,3,,,4,,3,3,"1,2",
2018-04-09 20:52:15,2018-04-09 20:55:34,0,100,198,1,2018-04-09 20:55:35,R_oXKU81IPXwGosAp,anonymous,EN,1,21,2,,1,1,2,2,3,3,3,3,3,2,3,3,3,4,,1,,2,2,"1,2",
2018-04-09 20:57:44,2018-04-09 20:59:41,0,100,117,1,2018-04-09 20:59:42,R_2B3VLFqIGTuwVfk,anonymous,EN,1,18,2,,2,2,2,2,2,2,2,2,3,2,3,3,3,4,,4,,2,2,"1,2,3,4,5",
2018-04-09 21:02:42,2018-04-09 21:04:39,0,100,116,1,2018-04-09 21:04:39,R_3kuhUZAXR9pDKcL,anonymous,EN,1,19,2,,1,1,2,3,2,2,2,3,3,2,2,3,3,4,,5,,1,4,4,
2018-04-09 21:08:00,2018-04-09 21:10:03,0,100,123,1,2018-04-09 21:10:03,R_8oXjhwtWPcfKo5b,anonymous,EN,1,18,2,,1,1,1,1,2,1,1,1,1,4,2,2,2,,,3,,3,2,"1,2,3,4",
2018-04-09 21:14:18,2018-04-09 21:18:35,0,100,257,1,2018-04-09 21:18:36,R_32Q6yILQjX8wXQF,anonymous,EN,1,19,2,,4,1,4,4,1,1,1,2,2,4,3,3,3,,,3,,2,3,4,
2018-04-09 21:22:18,2018-04-09 21:24:15,0,100,117,1,2018-04-09 21:24:15,R_4HF5FfU52x5JcPf,anonymous,EN,1,18,2,,1,1,1,4,1,1,2,2,2,1,3,3,2,4,,3,,4,3,4,
2018-04-09 21:23:25,2018-04-09 21:24:52,0,100,86,1,2018-04-09 21:24:52,R_BX1hB0xeFo76QW5,anonymous,EN,1,19,2,,4,4,1,4,1,2,2,1,3,2,3,3,3,,,3,,1,1,"1,5",
2018-04-09 21:24:00,2018-04-09 21:31:30,0,100,449,1,2018-04-09 21:31:30,R_1eOTlr6KZpO5Iwu,anonymous,EN,1,20,2,,4,4,4,4,1,4,1,2,1,2,3,3,2,4,,3,,2,3,"2,4,6",let finstas not be allowed to be a thing
2018-04-09 21:28:17,2018-04-09 21:31:35,0,100,198,1,2018-04-09 21:31:35,R_uqWm32OQGTdFFzr,anonymous,EN,1,20,2,,1,2,4,3,2,3,3,3,3,3,3,3,3,,,3,,2,2,"1,2",
2018-04-09 21:56:22,2018-04-09 21:59:38,0,100,196,1,2018-04-09 21:59:39,R_BqRd81iYzcCob9D,anonymous,EN,1,21,2,,1,2,3,3,3,2,3,3,3,3,3,3,3,,,1,,4,4,"1,4,5",
2018-04-09 22:04:36,2018-04-09 22:07:04,0,100,147,1,2018-04-09 22:07:04,R_pH7TzVp4aWLuziV,anonymous,EN,1,19,2,,1,2,3,3,1,3,2,2,3,3,3,3,3,4,,2,,4,2,"2,4",
2018-04-09 23:24:27,2018-04-09 23:27:34,0,100,186,1,2018-04-09 23:27:34,R_3iP9Yo5yUdnNGjk,anonymous,EN,1,20,1,,1,1,1,2,2,2,3,3,3,3,3,3,4,,,2,,4,3,"1,2,3,4,5",
2018-04-10 00:07:20,2018-04-10 00:10:33,0,100,192,1,2018-04-10 00:10:33,R_3NwcuiiOvU0EVAn,anonymous,EN,1,,2,,4,3,2,3,3,4,3,3,2,4,4,3,3,1,,3,,1,2,"1,2,3,4",
2018-04-10 00:45:48,2018-04-10 00:49:36,0,100,227,1,2018-04-10 00:49:36,R_2SB7Kq2inHxhk96,anonymous,EN,1,22,2,,4,2,2,3,3,2,3,2,3,3,3,3,3,4,,3,,2,2,2,
2018-04-10 01:26:55,2018-04-10 01:31:50,0,100,294,1,2018-04-10 01:31:50,R_2uNYQuAvmHdxS6Q,anonymous,EN,1,19,2,,2,2,3,3,3,2,3,3,3,2,3,3,3,3,sexual assault,4,,3,2,"1,4",
2018-04-10 01:38:59,2018-04-10 01:41:16,0,100,137,1,2018-04-10 01:41:17,R_3mAqpIBypcFkguJ,anonymous,EN,1,19,2,,4,1,1,2,2,1,2,2,3,1,3,3,3,,,3,,3,3,"4,5",
2018-04-10 02:05:04,2018-04-10 02:07:22,0,100,137,1,2018-04-10 02:07:22,R_w75IK2Qyv1h7rPz,anonymous,EN,1,19,2,,4,1,1,2,2,2,2,2,3,2,3,3,3,4,,3,,2,3,"2,4",
2018-04-10 02:06:19,2018-04-10 02:09:22,0,100,182,1,2018-04-10 02:09:22,R_3Rx5RyLRMqAcRPm,anonymous,EN,1,19,2,,1,2,3,3,2,1,2,1,2,4,3,3,1,,,1,,3,3,"1,5",
2018-04-10 04:43:55,2018-04-10 04:49:44,0,100,348,1,2018-04-10 04:49:44,R_eQBYO9wYU7Ee3xD,anonymous,EN,1,48,2,,4,4,1,4,4,2,1,1,3,1,3,3,3,4,can't think of any but your questionnaire made me complete this question...!,2,,4,2,"2,6","allow anonymous ways to report sexual harassment on the platform, but only if the reporter has a mechanism to provide documentation directly from the site so as to avoid false accusations.  should be reviewed by humans"
2018-04-10 05:07:57,2018-04-10 05:10:12,0,100,134,1,2018-04-10 05:10:12,R_2YQcYModPi436Cp,anonymous,EN,1,20,2,,4,2,3,3,3,2,2,3,3,2,3,3,3,,,3,,2,2,"1,4,5",
2018-04-10 06:09:38,2018-04-10 06:11:35,0,100,117,1,2018-04-10 06:11:35,R_2S0LKcGXhtvjxto,anonymous,EN,1,22,2,,1,2,3,2,3,2,3,3,3,3,3,3,3,,,3,,2,2,"2,4,5",
2018-04-10 06:17:15,2018-04-10 06:21:49,0,100,273,1,2018-04-10 06:21:49,R_2f3xWVoEidiAIAp,anonymous,EN,1,21,2,,1,1,1,2,2,3,3,3,3,2,3,3,3,,,3,,4,3,"2,4,5",
2018-04-10 02:55:06,2018-04-10 07:21:42,0,100,15996,1,2018-04-10 07:21:42,R_SNNSC9tCSKfjdW9,anonymous,EN,1,20,2,,1,2,1,3,3,3,3,3,3,2,3,4,4,,,3,,2,3,1,
2018-04-10 07:51:31,2018-04-10 07:52:46,0,100,74,1,2018-04-10 07:52:46,R_SHJQOJIAtbcJzj3,anonymous,EN,1,20,1,,2,2,2,2,2,2,2,3,2,2,4,4,4,,,1,,2,2,4,
2018-04-10 08:16:22,2018-04-10 08:18:27,0,100,124,1,2018-04-10 08:18:27,R_3Pj0OM2BWnQOVSw,anonymous,EN,1,21,2,,1,2,2,2,1,1,3,2,3,2,3,3,3,4,,3,,2,2,"1,4",
2018-04-10 08:30:46,2018-04-10 08:34:12,0,100,206,1,2018-04-10 08:34:13,R_OHFdfOPqjBuoLTj,anonymous,EN,1,19,1,,1,3,3,2,2,1,2,3,3,2,3,3,3,4,,4,,4,3,"4,5",
2018-04-10 08:56:49,2018-04-10 09:00:11,0,100,202,1,2018-04-10 09:00:12,R_d4nXcHz5KyMvAkN,anonymous,EN,1,18,2,,2,2,3,1,2,2,3,2,3,2,3,3,3,2,Taking off clothes,5,,3,4,2,
2018-04-10 09:07:54,2018-04-10 09:10:07,0,100,132,1,2018-04-10 09:10:07,R_2wcxeACbSHERuBz,anonymous,EN,1,20,2,,4,2,3,2,2,1,3,3,3,2,3,3,3,,,3,,2,3,4,
2018-04-10 10:19:43,2018-04-10 10:30:51,0,100,668,1,2018-04-10 10:30:52,R_2bJjrm5TCtI2gui,anonymous,EN,1,22,2,,4,4,2,4,4,4,3,3,3,4,3,3,3,1,N/A,3,,4,3,5,
2018-04-10 10:34:44,2018-04-10 10:36:13,0,100,88,1,2018-04-10 10:36:13,R_122Moq0vjOjte3X,anonymous,EN,1,19,2,,1,2,3,3,3,3,3,2,3,3,3,3,3,,,3,,3,3,"2,3,4",
2018-04-10 11:00:05,2018-04-10 11:03:03,0,100,177,1,2018-04-10 11:03:03,R_p4qRtxv8KnjzH8d,anonymous,EN,1,18,2,,1,2,4,3,2,4,2,2,1,2,3,3,3,4,,3,,3,3,4,
2018-04-10 11:19:26,2018-04-10 11:21:31,0,100,124,1,2018-04-10 11:21:31,R_1OruQ5bYjpNvioo,anonymous,EN,1,20,2,,1,1,2,2,2,2,2,2,2,2,3,3,3,,,5,,4,4,,
2018-04-10 12:00:22,2018-04-10 12:03:23,0,100,181,1,2018-04-10 12:03:23,R_3qxn6N4IeGYVA1A,anonymous,EN,1,19,2,,2,2,3,3,3,3,2,2,3,3,3,3,3,1,,3,,1,2,"1,2,3,4,5",
2018-04-10 12:10:06,2018-04-10 12:12:57,0,100,171,1,2018-04-10 12:12:57,R_U9gz1fYb9mYjgFb,anonymous,EN,1,18,2,,1,2,1,2,3,3,3,2,3,3,3,3,3,1,,3,,2,2,3,
2018-04-10 12:16:41,2018-04-10 12:18:10,0,100,89,1,2018-04-10 12:18:11,R_28GlDw7DC3z3whm,anonymous,EN,1,23,2,,2,3,3,3,3,3,3,3,2,1,3,3,3,4,,3,,3,3,"2,4",
2018-04-10 12:18:45,2018-04-10 12:21:25,0,100,160,1,2018-04-10 12:21:26,R_2Xp354hSiQtNFB6,anonymous,EN,1,19,2,,1,2,2,2,1,2,2,2,2,2,3,3,3,4,n/a,3,,3,3,2,
2018-04-10 12:20:49,2018-04-10 12:23:47,0,100,178,1,2018-04-10 12:23:47,R_6QmRdG3rXKc3KuZ,anonymous,EN,1,20,2,,4,1,2,2,2,2,2,2,3,2,3,3,2,4,,3,,2,4,4,
2018-04-10 12:21:49,2018-04-10 12:24:53,0,100,183,1,2018-04-10 12:24:53,R_1pFi3HddJMoB20z,anonymous,EN,1,18,2,,4,1,1,2,2,3,3,2,3,2,3,3,3,,,5,,4,3,"4,5",
2018-04-10 13:01:22,2018-04-10 13:04:37,0,100,195,1,2018-04-10 13:04:38,R_2pSHGfAnTCdGqJe,anonymous,EN,1,19,2,,1,1,2,2,2,2,2,2,2,1,3,3,3,4,,4,,4,4,"4,5",
2018-04-10 13:03:48,2018-04-10 13:05:39,0,100,111,1,2018-04-10 13:05:40,R_2P5UiO5Md8phulH,anonymous,EN,1,20,1,,1,2,3,3,3,1,3,3,3,2,3,3,3,4,,4,,3,3,"4,5",
2018-04-10 14:59:23,2018-04-10 15:01:53,0,100,149,1,2018-04-10 15:01:54,R_1kGOKTU7fu7npRj,anonymous,EN,1,21,2,,4,1,2,2,1,4,1,1,3,1,3,3,2,,,1,,2,2,"2,3,4,5",
2018-04-10 16:48:47,2018-04-10 16:51:49,0,100,181,1,2018-04-10 16:51:49,R_QiHEZRBr6qJNaxP,anonymous,EN,1,22,2,,1,2,3,2,2,2,2,2,2,1,3,3,3,,,1,,2,2,"1,2,3,4,5,6",increase awareness that men are often victims and people need to start standing up for them
2018-04-10 17:09:26,2018-04-10 17:12:54,0,100,208,1,2018-04-10 17:12:55,R_29hz7zHBWwWLRNL,anonymous,EN,1,22,2,,4,4,2,1,4,4,1,2,2,4,2,3,3,4,,3,,4,4,"1,4,5",
2018-04-10 20:32:58,2018-04-10 20:37:31,0,100,272,1,2018-04-10 20:37:31,R_2q3FTRcD6j7AYRG,anonymous,EN,1,18,1,,1,2,2,4,2,1,2,2,2,1,3,3,3,,,1,,2,4,"2,4,5",
2018-04-11 12:10:34,2018-04-11 12:13:00,0,100,146,1,2018-04-11 12:13:01,R_2zOqJLKz2tVfYes,anonymous,EN,1,23,1,,4,4,1,1,1,1,2,2,2,1,3,3,2,,,2,,4,4,4,
2018-04-11 14:50:52,2018-04-11 14:52:39,0,100,107,1,2018-04-11 14:52:39,R_20Z49cVtmVsY6RW,anonymous,EN,1,20,1,,1,1,2,2,2,2,3,3,3,2,3,3,3,,,8,I do not use social media,,,,
2018-04-11 15:20:34,2018-04-11 15:23:18,0,100,164,1,2018-04-11 15:23:19,R_2bNxEgHfeTWDZzj,anonymous,EN,1,20,2,,4,1,3,2,1,1,2,2,2,1,3,3,3,1,,3,,2,2,"2,5",
2018-04-11 20:38:57,2018-04-11 20:46:41,0,100,464,1,2018-04-11 20:46:42,R_1OTBPGcRVOBbxHn,anonymous,EN,1,19,2,,4,4,2,1,1,2,3,3,3,2,3,3,3,,,3,,1,2,2,
2018-04-11 21:17:10,2018-04-11 21:18:47,0,100,97,1,2018-04-11 21:18:48,R_1KwgSB1B5AJSW3E,anonymous,EN,1,20,2,,4,4,4,2,3,4,4,4,2,2,3,3,3,,,3,,2,3,1,
2018-04-11 22:55:21,2018-04-11 22:58:39,0,100,198,1,2018-04-11 22:58:40,R_2fDkp5fCEOb11WC,anonymous,EN,1,22,1,,4,4,2,4,4,4,4,4,1,1,3,3,3,1,Forced hug,3,,4,4,2,
2018-04-12 16:12:12,2018-04-12 16:15:05,0,100,172,1,2018-04-12 16:15:05,R_2ZCz4NYW8uiHWC6,anonymous,EN,1,22,2,,1,2,3,2,3,2,3,3,3,2,3,3,3,1,,6,,3,4,"2,4,5",
2018-04-05 14:40:45,2018-04-09 10:42:06,0,11,331281,0,2018-04-16 10:42:31,R_24f4LKlJk7EANzK,anonymous,EN,,,,,,,,,,,,,,,,,,,,,,,,,
2018-04-09 11:01:25,2018-04-09 11:01:35,0,22,9,0,2018-04-16 11:01:38,R_p3EKRurqCqAz1kt,anonymous,EN,1,,,,,,,,,,,,,,,,,,,,,,,,
2018-04-09 11:01:29,2018-04-09 11:01:47,0,22,17,0,2018-04-16 11:01:48,R_7UTm6Yg1q08b1Op,anonymous,EN,1,,,,,,,,,,,,,,,,,,,,,,,,
2018-04-09 11:02:51,2018-04-09 11:03:07,0,22,16,0,2018-04-16 11:03:10,R_2ExVKgY2TsUDEyh,anonymous,EN,1,,,,,,,,,,,,,,,,,,,,,,,,
2018-04-09 11:03:27,2018-04-09 11:03:42,0,22,14,0,2018-04-16 11:03:50,R_bvhDgMBjzTV4ae5,anonymous,EN,1,,,,,,,,,,,,,,,,,,,,,,,,
2018-04-09 11:02:13,2018-04-09 11:04:35,0,22,141,0,2018-04-16 11:04:47,R_3jePC7IDbRs2U9n,anonymous,EN,1,,,,,,,,,,,,,,,,,,,,,,,,
2018-04-16 11:02:43,2018-04-16 11:05:10,0,100,147,1,2018-04-16 11:05:11,R_5cHWXwpksNwW2pX,anonymous,EN,1,19,2,,2,2,1,1,2,3,3,3,3,2,3,3,2,4,,4,,3,3,4,
2018-04-09 11:05:05,2018-04-09 11:05:15,0,22,9,0,2018-04-16 11:05:16,R_3L8dDVA5Nq4WI2v,anonymous,EN,1,,,,,,,,,,,,,,,,,,,,,,,,
2018-04-09 11:05:01,2018-04-09 11:05:34,0,22,33,0,2018-04-16 11:05:36,R_2VCNDHNPksKFnIH,anonymous,EN,1,,,,,,,,,,,,,,,,,,,,,,,,
2018-04-09 11:05:44,2018-04-09 11:06:05,0,22,20,0,2018-04-16 11:06:05,R_3rIdshsZ27AseTw,anonymous,EN,1,,,,,,,,,,,,,,,,,,,,,,,,
2018-04-09 11:07:32,2018-04-09 11:07:40,0,22,8,0,2018-04-16 11:07:41,R_3P5leBTm5Cne6f9,anonymous,EN,1,,,,,,,,,,,,,,,,,,,,,,,,
2018-04-09 11:08:00,2018-04-09 11:08:52,0,22,52,0,2018-04-16 11:09:09,R_1flWu5aGhwl44AZ,anonymous,EN,1,,,,,,,,,,,,,,,,,,,,,,,,
2018-04-09 11:09:32,2018-04-09 11:09:43,0,22,10,0,2018-04-16 11:09:53,R_bgb7FjQH6VRKdyN,anonymous,EN,1,,,,,,,,,,,,,,,,,,,,,,,,
2018-04-09 11:15:23,2018-04-09 11:15:33,0,22,9,0,2018-04-16 11:15:38,R_2317IyhuZL3OzWe,anonymous,EN,1,,,,,,,,,,,,,,,,,,,,,,,,
2018-04-09 11:14:02,2018-04-09 11:15:35,0,22,93,0,2018-04-16 11:15:52,R_R80wQ0tUhF4033X,anonymous,EN,1,,,,,,,,,,,,,,,,,,,,,,,,
2018-04-09 11:18:42,2018-04-09 11:19:44,0,22,62,0,2018-04-16 11:19:44,R_31hdpT8Z0BJQkkZ,anonymous,EN,1,,,,,,,,,,,,,,,,,,,,,,,,
2018-04-09 11:28:22,2018-04-09 11:28:58,0,22,36,0,2018-04-16 11:29:01,R_5oMcQYDjrNXg6ch,anonymous,EN,1,,,,,,,,,,,,,,,,,,,,,,,,
2018-04-09 11:28:43,2018-04-09 11:29:13,0,22,29,0,2018-04-16 11:29:30,R_xz0Yqr4CdoohIqJ,anonymous,EN,1,,,,,,,,,,,,,,,,,,,,,,,,
2018-04-09 11:31:28,2018-04-09 11:31:48,0,22,19,0,2018-04-16 11:31:53,R_1YZco2IgCOCOh4l,anonymous,EN,1,,,,,,,,,,,,,,,,,,,,,,,,
2018-04-09 11:34:20,2018-04-09 11:34:59,0,22,38,0,2018-04-16 11:35:08,R_3popDk4wBuWqgtx,anonymous,EN,1,,,,,,,,,,,,,,,,,,,,,,,,
2018-04-09 11:35:01,2018-04-09 11:37:11,0,22,130,0,2018-04-16 11:37:12,R_1NlC8NDdBtTCfLk,anonymous,EN,1,,,,,,,,,,,,,,,,,,,,,,,,
2018-04-09 11:45:05,2018-04-09 11:45:52,0,22,46,0,2018-04-16 11:46:07,R_a9jGFQaz9jrInOV,anonymous,EN,1,,,,,,,,,,,,,,,,,,,,,,,,
2018-04-09 11:49:54,2018-04-09 11:50:06,0,22,12,0,2018-04-16 11:50:39,R_2SBNcmIA1MREcfW,anonymous,EN,1,,,,,,,,,,,,,,,,,,,,,,,,
2018-04-09 12:33:38,2018-04-09 12:33:56,0,22,17,0,2018-04-16 12:34:03,R_33vfXrEYoWUWJxW,anonymous,EN,1,,,,,,,,,,,,,,,,,,,,,,,,
2018-04-09 12:55:58,2018-04-09 12:56:07,0,22,9,0,2018-04-16 12:56:10,R_1IiPDF0UlZQkYB4,anonymous,ES,1,,,,,,,,,,,,,,,,,,,,,,,,
2018-04-09 13:21:15,2018-04-09 13:21:28,0,22,13,0,2018-04-16 13:22:52,R_2aS5eeh7lQT9jar,anonymous,EN,1,,,,,,,,,,,,,,,,,,,,,,,,
2018-04-09 13:24:34,2018-04-09 13:25:11,0,22,36,0,2018-04-16 13:25:16,R_sInVumJHhbbs1Sp,anonymous,EN,1,,,,,,,,,,,,,,,,,,,,,,,,
2018-04-16 13:27:37,2018-04-16 13:30:59,0,100,201,1,2018-04-16 13:30:59,R_2rVuaaGhxqtwyzf,anonymous,EN,1,20,1,,1,1,2,2,1,2,1,2,3,2,3,3,3,,,6,,2,3,"1,2,4,5",
2018-04-16 13:23:25,2018-04-16 13:36:09,0,100,764,1,2018-04-16 13:36:10,R_3rNaQkeU4Focovv,anonymous,EN,1,20,1,,1,1,1,2,1,4,2,1,1,2,,3,3,3,"Using sex as leverage in the workplace or other organizations, when otherwise there wouldn't be consent.",2,,2,3,"4,5",
2018-04-09 13:38:26,2018-04-09 13:38:42,0,22,16,0,2018-04-16 13:38:43,R_2wuWPX1rez4RDY0,anonymous,EN,1,,,,,,,,,,,,,,,,,,,,,,,,
2018-04-16 13:44:08,2018-04-16 13:47:00,0,100,172,1,2018-04-16 13:47:01,R_ZqVwbpnHyoE1C5r,anonymous,EN,1,21,1,,1,2,2,3,1,2,2,1,2,2,3,3,2,4,,6,,1,1,5,
2018-04-16 13:54:46,2018-04-16 13:59:34,0,100,288,1,2018-04-16 13:59:35,R_3RyiAGFrsrPJTEO,anonymous,EN,1,21,1,,4,1,1,2,2,2,2,2,2,2,3,3,3,4,,3,,3,2,"2,3,4",
2018-04-16 13:57:56,2018-04-16 14:00:11,0,100,135,1,2018-04-16 14:00:12,R_1TtSLp42DjjbHah,anonymous,EN,1,19,1,,4,1,2,2,2,2,2,2,3,2,3,3,3,4,,3,,2,3,"4,5",
2018-04-16 14:00:03,2018-04-16 14:02:08,0,100,124,1,2018-04-16 14:02:09,R_2YDEtqnJv5AcvSX,anonymous,EN,1,20,1,,1,2,3,2,2,2,2,3,3,3,3,3,3,4,,3,,2,3,5,
2018-04-09 14:18:38,2018-04-09 14:18:51,0,22,12,0,2018-04-16 14:18:51,R_2uPyTTup3ma8SLg,anonymous,EN,1,,,,,,,,,,,,,,,,,,,,,,,,
2018-04-16 14:12:02,2018-04-16 14:19:09,0,100,426,1,2018-04-16 14:19:09,R_PHWz8L356Sy2NSV,anonymous,EN,1,23,1,,4,1,4,3,1,4,3,1,2,1,3,3,3,,It is tough to know whether these examples qualify as sexual assault. Is the respondent supposed to assume that these actions are non consensual? Does “groping or other touching” mean non consensual? You clarify in the next example that the pictures are “unsolicited” ,3,,3,3,5,
2018-04-16 14:28:40,2018-04-16 14:32:29,0,100,228,1,2018-04-16 14:32:29,R_3QW4FQY8KW4Qtvz,anonymous,EN,1,22,1,,1,2,3,2,3,1,2,2,3,2,3,3,3,,,3,,2,3,4,
2018-04-16 15:44:08,2018-04-16 15:47:31,0,100,202,1,2018-04-16 15:47:31,R_3nBEJdH3gTDh0u4,anonymous,EN,1,20,1,,1,2,3,2,2,2,1,1,3,2,3,3,3,1,,3,,2,3,5,
2018-04-09 16:25:19,2018-04-09 16:28:21,0,22,181,0,2018-04-16 16:28:24,R_2zJeHNKHpNfqRz4,anonymous,EN,1,,,,,,,,,,,,,,,,,,,,,,,,
2018-04-09 16:57:43,2018-04-09 17:00:59,0,22,196,0,2018-04-16 17:01:10,R_31nJMSf6Rb6zZku,anonymous,EN,1,,,,,,,,,,,,,,,,,,,,,,,,
2018-04-09 18:46:50,2018-04-09 18:47:22,0,22,32,0,2018-04-16 18:47:32,R_3KZRNGv6Q96B6sG,anonymous,EN,1,,,,,,,,,,,,,,,,,,,,,,,,
2018-04-09 19:19:56,2018-04-09 19:20:06,0,22,9,0,2018-04-16 19:20:10,R_1eY3DkjW6at3mas,anonymous,EN,1,,,,,,,,,,,,,,,,,,,,,,,,
2018-04-09 20:38:28,2018-04-09 20:38:38,0,22,9,0,2018-04-16 20:38:39,R_1K8PLSvujPqb3rd,anonymous,EN,1,,,,,,,,,,,,,,,,,,,,,,,,
2018-04-09 20:38:28,2018-04-09 20:38:41,0,22,13,0,2018-04-16 20:38:58,R_D0rZEPTHWrnpkw9,anonymous,EN,1,,,,,,,,,,,,,,,,,,,,,,,,
2018-04-09 20:41:58,2018-04-09 20:42:06,0,22,8,0,2018-04-16 20:42:09,R_1NzFfSnmq3GYLHZ,anonymous,EN,1,,,,,,,,,,,,,,,,,,,,,,,,
2018-04-09 20:46:53,2018-04-09 20:47:02,0,22,8,0,2018-04-16 20:47:21,R_125s7MQt61usoiQ,anonymous,EN,1,,,,,,,,,,,,,,,,,,,,,,,,
2018-04-09 21:00:09,2018-04-09 21:00:18,0,22,8,0,2018-04-16 21:00:28,R_pmJAStejbmD7MwF,anonymous,EN,1,,,,,,,,,,,,,,,,,,,,,,,,
2018-04-09 21:09:43,2018-04-09 21:09:49,0,22,6,0,2018-04-16 21:09:58,R_3IRlICtZBYTNrrl,anonymous,EN,1,,,,,,,,,,,,,,,,,,,,,,,,
2018-04-09 22:53:50,2018-04-09 22:53:59,0,22,8,0,2018-04-16 22:54:07,R_1mQoXRaegC1o8eL,anonymous,EN,1,,,,,,,,,,,,,,,,,,,,,,,,
2018-04-17 04:03:42,2018-04-17 04:05:38,0,100,115,1,2018-04-17 04:05:38,R_115dEs9JHhG2ZKV,anonymous,EN,1,22,1,,1,1,2,1,2,2,2,2,3,1,3,3,3,4,,6,,4,4,5,
2018-04-17 04:16:16,2018-04-17 04:19:55,0,100,218,1,2018-04-17 04:19:55,R_7Vr7pkbN17IVvcB,anonymous,EN,1,18,1,,4,1,2,4,4,1,4,2,3,4,3,3,3,3,Raping is severe,3,,3,3,6,Not really much other than banning sexual harassment users and reporting to authorities if its severe
2018-04-17 09:02:48,2018-04-17 09:08:04,0,100,315,1,2018-04-17 09:08:04,R_1dEOMP1ZGHee9GS,anonymous,EN,1,19,2,,1,1,2,1,1,1,2,2,3,3,3,3,2,4,Flirting,4,,2,2,"2,4",
2018-04-10 09:10:01,2018-04-10 09:10:39,0,22,38,0,2018-04-17 09:10:42,R_AupdgeGm1J7cbv3,anonymous,EN,1,,,,,,,,,,,,,,,,,,,,,,,,
2018-04-10 09:07:39,2018-04-10 09:11:26,0,22,227,0,2018-04-17 09:11:37,R_1Q6NTpE0WdjiFst,anonymous,EN,1,,,,,,,,,,,,,,,,,,,,,,,,
2018-04-10 18:08:01,2018-04-10 18:08:07,0,22,5,0,2018-04-17 18:08:08,R_29tOEROnR3j9NKY,anonymous,EN,1,,,,,,,,,,,,,,,,,,,,,,,,
2018-04-05 15:07:21,2018-04-11 13:30:55,0,22,512613,0,2018-04-18 13:31:29,R_tExBTZ3WG9oK1Nf,anonymous,EN,1,,,,,,,,,,,,,,,,,,,,,,,,
2018-04-20 12:14:53,2018-04-20 12:17:30,0,100,157,1,2018-04-20 12:17:31,R_x9ti6c4o6Oo4GcN,anonymous,EN,1,19,2,,4,1,2,2,2,3,3,2,3,2,3,3,3,4,,3,,3,4,"1,3,4,5",
2018-04-16 13:47:16,2018-04-16 13:47:24,0,22,8,0,2018-04-23 13:47:25,R_2uO4HflAxzUqvhp,anonymous,EN,1,,,,,,,,,,,,,,,,,,,,,,,,
2018-04-23 18:50:19,2018-04-23 18:52:38,0,100,138,1,2018-04-23 18:52:38,R_1SvABFXdqehh3r3,anonymous,EN,1,19,2,,4,2,3,3,2,2,2,2,3,4,3,3,2,,,7,,3,4,"1,2,3,4,5",
2018-04-23 19:50:06,2018-04-23 19:53:30,0,100,204,1,2018-04-23 19:53:31,R_28CYQXXV7Vbsi4I,anonymous,EN,1,19,1,,2,3,3,1,4,3,3,2,3,1,3,3,3,4,,6,,4,3,2,
2018-04-17 05:29:01,2018-04-17 05:29:10,0,22,9,0,2018-04-24 02:46:03,R_2B33K5nUYfeHzFW,anonymous,EN,1,,,,,,,,,,,,,,,,,,,,,,,,
