,,d,d,d
919849191819620352,"Rang the police after being followed thru town by 2 men who'd threatened rape and beating, but they did nothing #MeToo",1,1,2
921115331162120192,Was off the beaten path in vegas and omg catcalled #metoo . Did this without thinking and was told to chill. pic.twitter.com/ZDHRQQlYhu,1,1,1
920293234382966784,"He told me he had a daughter that was older than me. Afterward, when he left me in that back room, he told me he had to go find her. #MeToo",1,1,1
920388381032439808,"I meet Harvey W at a Hollywood Hills party in the early 2000’s Ill never forget his demeanor/sexualized comments,aggressiveness Not #Metoo",1,1,1
919928975790501888,"I've been harassed by men AND women. Ladies, don't come up grabbing my ass or feeling me up. Or harassing me for being trans. #MeToo",1,1,3
923891521555804160,"If every time I am groped and I file a complaint to the police, I will be sitting for 365 days at the police station #feminism #metoo",1,1,3
920727743091953664,@Alyssa_Milano As a gay man I was sexually harrasesed and bullied quite often growing up. #MeToo,1,1,2
920106645467877376,"I spent $200 on this dinner for nothing? Oh come on, just one kiss. No? Just a peck?"" #MeToo""",1,1,2
919977646326468609,"I was told thats how it is here just joking around"" the more I thought about it, it wasn't joking around it was sexual harassment #MeToo""",1,1,1
919906176111820801,As a nurse I have been sexually harassed by several patients and management swept it under the rug. #MeToo,1,1,2
921881832626548736,#metoo I ENDURED sexual harassment in UNIFORM USAF as a Air Traffic Controller & ALL the male controllers knew &b/c he was my TRAINER I was,1,1,2
920068765210906624,#metoo even two coworkers told him my last name so he could try to friend me on Facebook. I had to wait in the back anytime I saw him,1,1,1
920413878177038337,"Like countless times before he would also show his displeasure by masturbating himself in front of me, when I said NO;to humiliate me #MeToo",1,1,2
920409535403225088,"#metoo @POS who thought it was ok to approach me at Publix, comment on my shorts, then touch my leg and leave me feeling unsafe to shop",1,1,1
920004023884959746,"When guys don't take I'm gay"" for an answer #MeToo""",1,1,1
920979254116081664,I once ordered pizza.... and the put mushrooms on by mistake .... #MeToo,2,,
920045910326779906,"#MeToo - constant online abuse from entitled men who think I owe them my time and attention because they compliment"" me.""",1,1,1
920847369964478464,i wrote a fb post re: a man who was very awful to me re: rape culture. he is commenting on #metoo stuff and getting a lot of praise...(1/3),1,1,1
920287238843486209,his lips at me and tried to kiss me saying 'gimme a kiss' #MeToo #MeToo too because I was only waiting for my bus to college.,1,1,2
919996964518989824,"#metoo from threats of rape whilst in the TA, to being the last one in the gym aged 18 & being pinned down & masturbated over 1/2",1,1,3
919990275006660608,"#MeToo It's sad when you consider yourself lucky"" to have only had to deal with harassment & a couple of easily fought off drunk frat boys.""",1,1,2
919994076098908161,When I was in my 20's a guy I was hanging out with forced me to touch him and repeatedly told me that I enjoyed it #MeToo,1,1,3
920180661532573696,"Made it to 29yo thanking my #restingbitchface for shielding me from assault, 1yr under a f mgr who scolded me for not smiling and now #metoo",1,1,1
920415818239827968,"#metoo 3 mo preg at the time. I complained, nice FEMALE producer said he's embarrassed"".So he got to work the next show. Because I made an issue,I nor my husband, were asked back by prod company again.He who stuck tongue down my throat got long gig with them.We lost our house...""",1,1,2
920047373950308352,#MeToo buying a cute top and my parents telling me to cover up because lads will think i'm asking for it thats the kinda society we're in,1,1,1
920399258380988416,"#metoo customer service= men constantly making remarks, calling me “sexy”, asking me to turn around so they can “look at that ass”, etc. https:// twitter.com/alyssa_milano/ status/919659438700670976 …",1,1,2
923135527410388993,Why your gym is so cheap? And why is #HarveyWeistein only in the news now? Find out on E3 of @survivesocpod #metoo https:// soundcloud.com/user-622675754 /e003-gym-workers-harvey-weinstein-and-regulating-the-internet?utm_source=soundcloud&utm_campaign=share&utm_medium=twitter …,2,,
919970747400929281,I went to the police & was told it was my word against my dads. I always thought it was my fault and now ik it wasn't. #MeToo,1,1,1
919838936167358464,#MeToo Allah is Kabir. He lives in satlok(Real Jannat) Must watch Everyday on Sadhna Tv 07:40 PM #SodakkuSongTeaser,2,,
920071956824592384,I was sexually harassed by a manager at @CrackerBarrel . I filed the proper paper work. They did nothing. He has been promoted. #MeToo,1,1,2
921476072297893889,"#metoo have been sexually harassed @school, stables, university cafeteria, street, home parties, work, church camp, by letter, by phone...",1,1,2
920048785870422017,"I could write a lot on this, but I've been out nearly every wk for 5mnths & only 3times has somebody not uninvitingly grabbed my bum. #metoo https:// twitter.com/twittermoments /status/919685734587564032 …",1,1,3
919959810635915264,"Blooming flower or busted ravioli?"" - a (male) client asked me to describe myself, back when I was a tech consultant. #MeToo""",1,1,2
920119026457624577,I never been sexually assaulted thank god but I have experienced crude comments about my body and what I’m wearing #Metoo,1,1,2
920100551374921730,"#MeToo . Sexually assaulted by a student. Told by police that if I prosecuted, my morality would be questioned. I was still a virgin then.",1,1,3
920239105698607104,@Alyssa_Milano #MeToo By a boy I thought I could trust. Sexually harassed just walking down the street. Sexually ha… https://t.co/9Rez8MFcbB,1,1,2
919972899775287297,"Worked as a nightclub bouncer constantly since I was 17. A week of work didn't go by without being groped or grabbed, or worse. #MeToo",1,1,3
919958692828798976,"People who are obligated to disclose:men who do everything from catcalling to joking about rape to groping to leering. Yes, you. Now. #MeToo",1,1,1
921016276457177088,"#MeToo I reported. My employer says reporting is attention seeking, embarrasses the company & predator. Too Bad. Don’t keep quiet!",1,1,2
922125310157578241,I stand with every woman here! I endured sexual harassment for years on various jobs from the 1970's through the present! #MeToo,1,1,2
919995479823446022,told a female admin about a boss who yelled at me every shift. She had me sign a contract saying I wouldn't sue for sex.harassment. #MeToo,1,1,1
920117846679670785,Had a male co worker tell me the #MeToo tag was stupid. He said girls could just be lying about sexual assault/harrasment.,1,1,1
920122045144420352,"I entered a giveaway for a chance to win  #MeToo with Me Too Hand Sign T-Shirt on Amazon. https:// giveaway.amazon.com/p/bb4fbbd41a71 d3c9/?ref_=tsm_4_tw_p_tw … #giveaway""",2,,
921092336892895232,"#MeToo I have been experiencing comments, unwanted touching etc from a co-worker. I see it happen to others as well. Still has his job",1,1,2
919976488715239425,It happened in February. I didn't want to make a scene. I didn't want to admit that the unwanted and invasive touches were assault. #MeToo,1,1,2
920750337543278596,"Coming to you LIVE from my block, where I just got catcalled while riding my bike. #metoo",1,1,1
921531797007089665,"Places I've been sexually harassed or assaulted: school, work, home, the street. Places I haven't been: Congress, the gym. Go figure #MeToo",1,1,2
923572525484961792,"#Weinstein #MeToo No not by Harvey but had many women Harass me, #flash me and don't get me started on #benders I guess I'm looking at #£££ pic.twitter.com/fQHQ3sveXh",1,1,2
920379171855126533,Remember when I was uncomfortable with how the shoot was going and you said not to tell your girlfriend? #MeToo,1,1,1
920276432235806723,#metoo He didn't only target me with his overtures. He made me change the way I dressed and how I responded to sincere compliments.,1,1,2
919871326529183744,I was sexual harassed and assaulted a few months back. Reported it. Dillwad still has his job. How does that shit work? #MeToo,1,1,2
920337859881598976,"#MeToo because once coming out of a bar, 4 police officers asked why we weren't wearing bras, instead of asking if we had a safe ride home.",1,1,1
919829571590959105,"Comments made me feel so dirty, all because I was wearing a jumper that said “I Miss Summer” #MeToo",1,1,1
924454196933521408,Walking thought the city. #Patreon #OnPtreon @talenthouse @Patreon pic.twitter.com/7S7w4AN9wa,2,,
919979363533279232,"Grabbed, pinched, bitten. Pressed with my back against a wall being told that I'm prettier when I smile. This matters. #MeToo",1,1,2
920414386795184129,"I stalked someone I was in love with online for years, and I'm ashamed of it to this day. I'm never getting near girls again #ididit #metoo https:// twitter.com/sallylepage/st atus/920356912604033024 …",1,1,2
919934983560499201,"#metoo I have been sexually harassed, mostly in high school.",1,1,2
919875400179863552,When I was in the Air Force they randomly forced me to give them a cup of my pee... #MeToo #WhatILearnedToday @DocThompsonShow @KAL79,1,1,2
921347272427954176,My dad tried following him but he got away and I couldn’t even describe the disgusting things he was doing outside the car. #metoo,1,1,2
921862401170972672,The #MeToo Movement Is Feminist BS: http:// christinesmith.us/wordpress/2017 /10/21/the-metoo-movement-is-feminist-bs/ …,1,2,
919927511437291520,#MeToo Yes metro city's ultra feminists are trying to finish male community since they worship dildo god . This is scary,1,2,
921394355100880898,You mean like when a pretty women uses looks to steal a job from an ugly one? #metoo,1,2,
921564824684892161,She knows she was asking for it. I paid her well too. #MeToo,1,2,
924411823465512960,"Can apply this principle to abuse of POC, indigenous people, disabled.... And on to environment. Systemic economic change needed! #MeToo",2,,
920030388201934849,#metoo having my manger telling me to wear more sexy clothes because it sells more items (it’s a shoe store btw),1,1,2
920023599821524996,Everytime I cross a green light -I check both sides. Not because Im wrong to cross - but because I can't stop everyone else that is #metoo,2,,
921173090989522945,People are writing #MeTo instead of #MeToo . I've lost hope. Humanity is doomed. What's next? #Mewtwo ?,1,3,
921140265296986113,"English teacher harassed me, molested other boy. Fired quietly. Hired by performing arts school, retiring celebrated. Rape culture. #MeToo",1,1,2
920307819571802112,Got called a prude because I wouldn't lift up my shirt for a guy. I was 17. #MeToo,1,1,2
921460740812431362,Thirteen is when I was first catcalled. A thread. Two of my friends and I were walking back to my house. Like five guys called at us. #metoo,1,1,1
919947420573884417,"From one of the 'me too' posters. I think we Can agree 'none' of this is in the grey zone - #metoo I wasn't going to join the huge list of women on the ' metoo ' campaign because I haven't suffered a serious assault. But like most women, I have been grabbed, pushed, pulled,",1,1,2
920626682125578240,"So the #MeToo has me thinking: if teen pregnancy & STDs are big enough that sex ed progs are beginning to address them, why not assault? 1/",1,3,
920259989125718017,"#metoo alone on a bus in another country. I was told later I should have just gone with it.""""",1,1,2
9.23627E+17,"maybe the will become a ghost, you know like your career",2,,
920630720648962048,"Could the me #metoo be used in the workplace... a pin/wristband to be worn by victims, so they can recognise each other and act together?",1,3,
920099374373490688,He told me that he knew I liked him. So he was doing me a favor. He made me tell him how big he was. #MeToo,1,1,2
920146784202174464,#MeToo owner's son of the place I worked exposed himself &amp; made comments at me during work. Mom apologized but not him; Left shortly after,1,1,2
920923373022142464,"Feels like only yesterday I was tweeting #metoo and last night I was followed home, alone at 1am am I manifesting this bollocks fucking hell",1,1,2
919885675297570822,"Groped at work. Burst into tears. Male boss took female colleague aside & said pls talk to her, this is normal in India. #MeToo #NotHappy https:// twitter.com/Sanaaaesha/sta tus/919856771761504257 …",1,1,3
919946911934754816,I've been grabbed by strangers in clubs. Almost dragged away from my friends once. Received inappropriate comments at work. #MeToo,1,1,2
922004354709753856,"#metoo ignores that women who face #sexualharassment were often hired because of how they look, stealing jobs from ugly women. #injustice",1,2,
919954805841432577,Because I don't know how to work those computers - they're too confusing. (4/Cont.) #MeToo https:// twitter.com/HumbleHomie/st atus/919951793106415616 …,2,,
919985634495926273,". Scratched on the back by an employer at a party, asked what my boyfriend would make of that #metoo",1,1,2
920326052009955328,When Corporate American burn you out in every which way. #Entrepreneurship because #metoo,2,,
920069411679166464,A Conservative Comedian Just Made A Sexist “Joke” Amid #MeToo And Quickly Paid For It http:// ift.tt/2gffn6g http:// ift.tt/2gffn6g,1,1,1
921447230535499776,#MeToo artwork in @ManhattanTimes_ Image/text @andreaarroyoart Available in English/Spanish http://www. manhattantimesnews.com/me-too/ pic.twitter.com/RaAmuivAbE,2,,
919995024733016064,"Just had some asshole comment on my sexy little ass"" in the gas station while I was paying to fill up my gas #metoo""",1,1,2
923634975198666752,one detached thought after all this metoo bullshit is if you have ever been asked to go to therapy and you haven't.....go to goddamn therapy,1,3,
920136072687894528,#MeToo These are all things that have actually been said to me. pic.twitter.com/9n7RH0Ugo4,1,1,1
920099235340607488,"my supervisor sexually assaulted me in view of cameras at work but nobody saw anything, apparently"" the cameras weren't recording. #metoo""",1,1,3
920016841786900480,I had a boss who would ask the women if we would like to get a raise. Then he would tell us to sit on his lap. #MeToo,1,1,2
921683790203883521,My daddys best friend did finger my mom under the table. I cried. #metoo,1,1,2
920293058494828544,I got cat called while paying for parking for an interview this morning. #metoo,1,1,1
920913999067312130,Bayonetta killed me off the top #MeToo,2,,
920089707165376513,As an RA in college I responded to a call and was cornered by a football player who threatened me with rape if I told on him #MeToo,1,1,2
919942960237678592,"Saturday a guy asked if I was married, how many guys were @my table, how many of them had crushes on me.."" this is mild for a bar. #MeToo""",1,1,2
920286267622834176,"#MeToo not all men menace women, but all women have been menaced by men. I woke up to him undressing me when I had told him NO hours before",1,1,3
924074636513603584,"I'm no lawyer, but isn't that slander? Calling sooo many women liars? #MeToo",1,3,
919923040150007808,"#MeToo I received major award & at the ceremony head of hospital presented the award and said I bet she looks good with no clothes on too""""",1,1,2
919957459673985025,"#MeToo On a bus trip, I had a drunk male co-worker push his way into my room and try to assault. Another employee intervened. Still has job.",1,1,3
921869834794647552,"I’m not just going as an SJW for Halloween, I’m going to be a Slutty Social Justice Warrior! #SJW #Halloween #MeToo",1,2,
920035746471469056,"#metoo because i had to consider if i could even make this tweet as i have never been physically touched but instead, cat called, stared at.",1,1,1
919948521020592128,"#MeToo Catcalls starting at 16, harassment from coworkers, friends, strangers. At least 2 attempted assaults. I want more for my daughter",1,1,2
920064293625782274,#MeToo because my first BF shamed me for not wanting to try kinky things in sex because he could easily find someone else to do those things,1,1,2
919884760972849153,#MeToo Fuck you for luring me under the guise of having a meal n trying to have your way with me by telling me sex with your WIFE was boring,1,1,2
920676189018230784,"Hate to be this bitch but men, please stop trying to make #metoo about you. It’s the equivalent of saying all lives instead of BLM.",1,2,
920000670165585920,"I can’t even remember all the times I was sexually harassed. It happens so often, and from such a young age, they all become a blur #MeToo",1,1,2
919902996141694976,"As a result, 75% of all workplace harassment incidents go unreported altogether."" #MeToo https:// twitter.com/voxdotcom/stat us/919549390867648512 …""",1,1,2
923716738478374917,"YEP. #HR is really there to protect the company, not the worker. #metoo #career #sexualharassment http://www. forbes.com/sites/vanessam cgrady/2017/10/23/metoo/ …",1,1,2
920083168639750150,kids mimic what they are taught/see. are you a good example for your sons? do you teach no means no? or do u say boys will be boys? #metoo,1,3,
920870641171095552,#metoo was created for a good reason but I always roll my eyes when girls like her are using it,1,2,
920001636222820352,"From sexual assault, to being groped by senior male colleagues, to every day"" humiliating comments in personal and professional life #MeToo""",1,1,2
920080366748274688,Oh! A couple weeks ago I was harrassed by guys on three separate streets on the same walk downtown to see my bf #metoo,1,1,1
920116366866374656,#MeToo Coach at San Benito High School in 1995 invited me over to his house to enjoy hot tub time while his wife... http:// fb.me/754iSv9fl,1,1,2
920304502590312448,"She gave a blowjob of her own free will (albeit when 16) for a job, and now she's calling it rape. #MeToo is turning into girls crying wolf https:// twitter.com/NolteNC/status /920302633516175362 …",1,2,
920368255587487744,#MeToo so shared my story of black men sexually harassing me and get called a racist. I live in a predominately black area and I'm white,1,1,2
920651908922126336,I had an awful discussion where a man basically called #metoo sexist for neglecting to include men.,1,2,
923075264904511488,Something I won't be supporting. Can anyone remember why I won't support this event? #MeToo,1,2,
920403518070038528,Hey! I have a question about the metoo hashtag! Is the tag for stories of women's harrassment or harrassment in general?,1,3,
920026122116583424,"#metoo : harrasement from university professor. Administration knows, but does nothing. Year ago they told me they'll take care about it.",1,1,2
920724990382796801,"#MeToo 3rd time adult party, I was leaving the table, my dads friend grabbed me and pulled me to sit on his lap, while his wife smiled @me",1,1,2
920755104202088448,3/3 and in current context #metoo - down right reactionary. I know it is fast food TV but it makes stinky BBC burps for 52% of population https:// twitter.com/thinkdodiff/st atus/920753720081768449 …,2,,
924967023310004225,"Even the most ferocious rivers of Truth can be dammed, but nature laughs last. A tidal wave is coming, burst from pressure of time. #MeToo",2,,
921437694558982144,At a local #Labour AGM and the (not Corbynite) chair told a sexist 'joke'. Punchline was basically how disposable women are #metoo #misogyny,1,1,1
919866496632975363,"#metoo yuppie on subway @nite sat 2 seats away on platform, beat off. chased me up subway steps, dragged me by coat down steps & fin on me",1,1,2
919945515063697410,My second cousin locked me in his car while he forced himself on me. And to think he would get me home safe if I asked for a ride. #MeToo,1,1,3
920645633928826880,MVP's from OSU game! #WednesdayWisdom  #SgtLaDavidJohnson  #MeToo https://t.co/B8R9xP6e6Y,2,,
919976792219320320,"#MeToo Opposed the war in Iraq, told I deserve to be raped to death by ragheads"" by a miliary vet (aware they're not all like this).""",1,1,2
923693431703998465,"She’s in a land where 25% of girls are abused by 18, in an industry with Weinstein and worse. THIS is her metoo story? Something is fishy.",1,3,
920405599426244608,"#metoo When I told my boss I was groped, touched and kissed against my will. ( at work) had to run out the building to get away...",1,1,2
920916108005257217,That time the guy behind the bar told me that I had change coming. #MeToo pic.twitter.com/JXJgQY8ybB,2,,
920437813300154368,Twitter is a joke! #ObamaLegacy #TuesdayThoughts #metoo,2,,
923540926861103104,I believe lesbians are very aggressive and they have toxic femininity. Many times I´ve been harassed by lesbians. I wish they stop. #MeToo,1,2,
919877504386650113,"it's when some rando riding by on a bike asks you how much you charge for a handjob. You're wearing jeans, tshirt and sneakers btw #metoo",1,1,2
920812435841282049,"#MeToo age 27 in a room full of men, Boss said aloud how my shirt nicely hugged and accentuated my breasts",1,1,2
919958877906653184,I've been stalked. I've been forced. I've been inappropriately spoken to. I've been told I made myself a target. #MeToo,1,1,2
920067588176138240,Random drunk guys at the train station stroking my hair telling me to “get my tits out”. #MeToo,1,1,2
920341015663398912,I guess my biggest problem with #metoo is putting the pressure on victims to raise awareness/cause change,1,2,
921102968623071232,“See what happens when you don’t listen? I told you not to go to the party. ” #MeToo,1,1,2
920335314073407493,Yesterday I bought a pack of #Oreos thinking they were orange but it turns out they were penaut butter which I dont like #MeToo,2,,
919943244687044608,#metoo remembering one incident where I was working in a kitchen and the head chef would make inappropriate comments to me.,1,1,1
919973813642768384,"Well with regards to the whole #metoo I just got cat-called by two men, with their elderly mother, who also joined in... #nextlevel",1,1,1
924345394837979143,Stranger Things 2 episode 1... more like episode all of them #MeToo,2,,
919833232237121536,Owner of the company I worked for who started soliciting me after FIVE days on the job. #MeToo,1,1,2
920292999703269376,"He was my boss, thought it was OK to grab me and kiss me. #MeToo",1,1,3
919937723066126336,"In my high school workplace, I was harassed. I turned him in and felt guilty about it. #MeToo",1,1,2
920110351546572800,Lyft driver kept locking the door and wouldn't let me out until I gave him my number. Told me he knew my address now. #MeToo,1,1,2
922990407784583170,watching 4 virgins have a meeting about haters and sexual harassment is the funniest thing I've seen in a while #MeToo,1,2,
920946503161733125,Is there an innocent comments between colleagues? #GMCSHOUT #MeToo @gmczimbabwe @kathy_manase @jsnetzim @tarywacho @GenderLinks @Meschar,1,3,
922491368953532417,It's a bot.,2,,
920068701931626497,"TdayI signaled my co-worked that he had big arm muscles as a friendly gesture, his answer “ and you have nice ass, can I grab it?” #metoo",1,1,2
920048025954914304,have you ever felt insecure just because you're walking alone through men? have you ever been catcalled by those men? #MeToo,1,1,1
920052653463429121,For the uncountable amount of times myself and people I know have been grabbed in clubs and shouted at on the street #MeToo,1,1,2
920075211977916417,"I developed early. I remember the boys cheering "" me on in gym, being asked how much money to lift my shirt. #metoo""",1,1,2
920275377083371521,One time I eating a banana and I fell and it went up inside! I had to pray extra hard after! God bless! #Trump2020 #MeToo #SexualAssault,2,,
923519244322660352,Sen ?,2,,
920656048683327489,It shall be quite the pinnacle of human achievement when sex robots claim: #MeToo ... #AI,2,,
920056540513443840,"#MeToo recently cat calls, asked for a kiss by a stranger and inappropriate comments.",1,1,2
919919530532519937,"A guest once tried to stroke my cheek while asking for another round. I told him if he touched me, he would be cut off #metoo",1,1,2
920427084169826306,Gain 500+ followers real quick!! Retweet Follow everyone Follow back #TrapaDrive #NaijaFollowTrain #GainWithXtianDela #MeToo pic.twitter.com/gAiu8NlOOV,2,,
921025582816673793,Why do strange men think it's ok to touch my tats? #notok #metoo #flashback Admire from a distance. Keep your fucking hands to yourself.,1,1,2
920762226918686720,#MeToo my boss in the restaurant I worked at the time slapped me on the arse and told me to get back to work. In full view of customers.,1,1,3
923276176142974976,#MeToo why is this not considered sexual harassment? That's a serious question.,1,3,
920353280017887232,"I've been sexually harassed at nearly every job. One boss said, I can really tell the difference when you don't wear a sports bra."" #MeToo""",1,1,2
925094645046169600,"#metoo Showed a girl I work with my Crypto portfolio balance in the elevator and she was all like wow, it's so big""""",2,,
924393513197981697,What’s fun is his UTTER frustration that the counter-narrative of Clinton being the REAL Russian cutout isn’t taking hold.,2,,
920786305805627399,#Metoo I have been sexually harassed at high school by a former student named Thomas Baek from when I was 18 until I was 23!!!!!!,1,1,2
920051142347849728,"If youre suggesting that men shouldn't share their experiences with this hashtag, or that they're hijacking"", you're a piece of shit #MeToo""",1,3,
920030982794866693,have u ever thought that people tweeting #metoo could be lying in attempt to give men a worse image than they already have,1,3,
920375392330027009,#MeToo comes from a religious tradition that overwhelmingly (and often exclusively) images and imagines God as a cisgender male.,1,3,
920092590237560832,By my @Cisco rep repeatedly while I was working at a @CiscoReseller as a #CCSE #MeToo (and my boss knew & laughed),1,1,2
920341557101891584,How fucking hard is it to just SHUT THE FUCK UP when something is not your fucking business?! #Metoo is not for you. SHUT UP SHUT UP SHUT UP! https:// twitter.com/KTHopkins/stat us/919934255169507328 …,1,3,
920421877096570880,JFC I just saw a dude mansplain to a friend about how she was doing her #metoo post wrong bc she didn’t hashtag it ?????????,1,1,1
921691709809070080,"In a week when the sexual abuse of women has been top of the agenda, thanks to #MeToo are you really advertising this? Really?",1,3,
920210962665410560,What's with this #MeToo I'm seeing everywhere??,1,3,
924237541422915590,"Is there a #MeToo for #GenderDiscrimination ? Been there, done that. Not pleasant and had no justice.",1,1,1
919926722879000579,So add my name to the long list of women who have had to deal with repeated sexual harassment and assault. #MeToo,1,1,2
919915280842874880,#MeToo in my years of college i used to in bus. One day i left so late and aboard the bus and an old men sat next to me,1,1,1
922290437855043585,"#MeToo Abuse isn’t always man on woman. Just some food for thought. I am not exactly the hold hands and sing Kumbaya type, but victims do run the gamut. So don’t start a fucking witch hunt.",1,2,
921377373286694913,"Yep, I was sexually harassed by a company leader. And I paid for it. #metoo",1,1,2
920240360076513280,99% of you women are guilty of saying something sexual to a guy in a bar or about a neighbor. Words aren't assault. NOT #metoo (3/4),1,2,
920326349356699653,"#metoo was created by Tarana Burke 10 years ago but of course white people took it & decided to run w it, removing Tarana from the movement",1,2,
921832834280587265,#MeToo doesn't say all men are evil or scary....,1,3,
919898884905807872,Coworker I had to sit three feet across from for years always had to tell me that his penis was uncircumcised and describe it to me. #MeToo,1,1,2
920401930169364482,"Sexual harassment circa 1814. My sweet honey, I hope you are to be let with the lodgings."" ""No, Sir, I am to be alone."" #MeToo pic.twitter.com/uqloY8gskq""",1,1,1
920030143107751938,"#MeToo cw assault Been groped by strangers, 'friends', followed home, one guy ground on me without even trying to get my attention first",1,1,2
919995198570147841,"The guys on public transport, the stranger who grabbed my face and force kissed me on the lips in the street, and the rest #MeToo",1,1,2
920585384257605633,#MeToo America's REAL rape problem has a color: black.  https://t.co/OD1ZXhVSGV,1,2,
919916419244089346,#MeToo Pinups in the lab . Pornography tucked into my on-call bed Men in dept felt entitled to discuss women's appearance almost constantly,1,1,1
920170168361410561,#metoo you shouldn’t have to not want to go to school because youre worried youll be called a slut because you dated a senior (im a virgin),1,1,1
921152392741060609,"#metoo x 2 not too heinous. my what nice a patellas you have"" & some sleazy commercial photographer pressing up against me in the dark room""",1,1,1
920776676535042048,Saw an insta post switching the narrative from #MeToo to #HimThough and I'm so here for it. Men u might want to hold onto your edges. Or not pic.twitter.com/PFwavbpB1B,1,2,
922889515001290753,Los Angeles is melting. I'm trying not to sweat to death. Some creep feels free to comment on my legs. #MeToo,1,1,1
921544720194600960,"Instead of #MeToo , may I suggest the #F *ckThat campaign? (1 of 3)",1,3,
920723032901111808,"#WednesdayWisdom Rise up! Shafted by #universalcredit , abused #MeToo , Don’t want #Brexit . So many reasons to rebel yet nothing!",2,,
923511233554370562,. @MarkHalperin #GodSpeed It saddens me that every one wants to jump on the band wagon of #metoo . George H.W. Bush being accused also. Pretty good company.,1,2,
919963826900144128,Reminder: Survivors don’t owe you their story. #MeToo https:// twitter.com/apbenven/statu s/919902089110872064 …,1,3,
920051835326439424,So am I meant to post a #metoo for each time I've been harassed? Or just the times I've actually sighted a penis in the process?,1,3,
919990510873432064,"In a one-on-one tutoring session, my learner grabbed my knee and told me that a woman's only purpose was to his bear kids. #MeToo",1,1,2
920029831701467136,Told a doctor/therapist about sexual assault.They assumed I made it up. There is a culture of dismissal about women and abuse. #metoo,1,1,1
925049678479183873,"Franco is trying on swimsuits and he needs me #metoo """"",2,,
920366043087953921,Can you really suffer sexual harassment if your non binary? Left wing bimbo bullshit! #metoo https:// twitter.com/MickBruck/stat us/919711028018954240 …,1,3,
919861792943366145,"#MeToo Why is it OK for women to say I have a cute ass"" at workplace? #DoubleStandard""",1,1,2
919821245654425600,I live in Miami. Tough town. Mad Max dramatics don't work here. It's an attitude thing. If you look scared you're a mark. #MeToo https:// twitter.com/csillars17/sta tus/919778534188609536 …,2,,
921365926087360512,"Nothin like being called a filthy subhuman c*nt"" b4 breakfast. Just another day on the internet being a woman with opinions. #MeToo""",1,1,1
920115446904270848,"Months after my graduation. The same classmate sent me his numb. On fb telling me: I'll do anything to Make you so happy"" #MeToo""",1,1,1
920101900820901888,"#metoo Powerful client followed me for hours after company dinner, bought me scotch, told me to drink up""""",1,1,1
919913494341935104,"Super annoyed with the but what about me"" and ""not all men"" comments from men on just about all my female friends #MeToo posts.""",1,2,
920704597265612800,"And the most memorable part, was that he didn't start antagonizing me until he felt I was encroaching upon his power. #MeToo",1,1,1
920056982459084800,1st abuser took everything from me 100's of times age 4-11. Groped repeatedly in my teens. Forced oral on a bf before he would drive me home @15. Physically and sexually assaulted by next bf for 2 yrs. groped repeatedly as a hairstylist. Sent sex vid by boss. #metoo,1,1,3
920325465230979072,"#MeToo , But What Should I Say? 3 Tips To Decide http:// ift.tt/2kWxG5x #Finance #Investments #ROIMentor",2,,
919978081552617472,"#MeToo bc I was just catcalled by a car, which then TURNED AROUND to follow me as I walked around a park in a SWEATER during my lunchbreak.",1,1,1
920058937931681792,"#MeToo humiliated by ex husband (FBI).He cheated with 30+prostitutes. Infidelity/divorce normal"" now so seems my fault for trusting him?""",1,1,1
920374726199005184,#MeToo 1 of my bosses used to make the worst sexist jokes. I didn't laugh. he said I was too stupid to get the joke in front of everyone,1,1,1
920413041371566082,#MeToo I was 12 and it was my Great Uncle. Worst part is my mom knew what he was and offered me up to keep him happy to stay in his will.,1,1,3
925036179325575168,#MeToo watch cbs this morning asking a black movie star to take his shirt off “swat” if I asked a girl to take her shirt off IM GOING TO??,1,1,1
922114718344638464,The latest AAAmbler's Newsfeed! https:// paper.li/f-1434466667?e dition_id=55c37060-b739-11e7-b435-0cc47a0d15fd … #metoo #retirement,2,,
920670632148459520,Something I’ve been thinking about alongside #MeToo : Why do we still treat violent and homophobic abuse of LGBT youth as typical “bullying”?,1,3,
920040013466947585,"U were about 30 years older than me, when I finally through the terror manage 'STOP', u shrug & say u just wanted to have some fun #MeToo",1,1,1
919984016610156545,#MeToo,1,2,
920388209506422788,"Ok, #MeToo , If you’re really serious then start naming the perpetrators. Get the law involved and put a stop the the sexual harassment.",1,3,
921485608039706624,#SexualHealth | The answer to #MeToo is better sex education - Michigan Radio https:// goo.gl/fb/fhCaeH,1,3,
920040339364372480,#metoo - in 2013 on the green line some drugged up creep sat next to me and put his hand on my leg.,1,1,2
919909056755781632,"#MeToo Milions more than anyone will ever realize. He was a trusted"" relative.""",1,1,3
920057625173266432,"In middle school a man slapped my ass, in highschool I was told I was the reason little girls get raped"", in college I was roofied #MeToo""",1,1,3
919903773065203712,#metoo I worked as a waitress at a club and a night where no guy commented about my butt or boobs or tried to grope me did not exist,1,1,2
919845507576373249,1. What is sexual harassment? #MeToo,1,3,
920313094114381824,#MeToo .. filed a complaint against a boss as suggested 2 wks later I was fired .. with no help from the union https:// twitter.com/nytimes/status /920165155316600832 …,1,1,1
923675124796096513,Idolerna - We Are The World ( Metoo Stockholm) 22/10-2017: http:// youtu.be/Sk6_qSh2Knw?a via @YouTube,2,,
920821279384621056,"#metoo Because my freshman year boyfriend didn't allow"" me to wear tampons bc he didn't want anything up my vagina.""",1,1,1
921643857024045056,"The 1st time a grown man commented about how good my body looked, I was in the 5th grade. I never said anything til now & I'm sorry #metoo",1,1,3
921999661757599744,The latest The Jonas Bernard Russia* Daily! https:// paper.li/DjonasBernard? edition_id=76687a80-b6f9-11e7-b291-0cc47a0d164b … #game7 #metoo,2,,
920082888250363904,When are the dudes going to step forward and admit they harassed/assaulted women? We aren't victims without perpetrators. #MeToo,1,3,
920010947409821696,Controversial question of the day : Is flirting sexual harassment ? #MeToo,1,3,
921113659262275584,I want a large edge to edge screen from Apple. #MeToo,2,,
920160567817621505,He was my boss. He wanted me to be his girlfriend. I left my #Jobs . He already had a girlfriend who had just had a baby. #MeToo tm,1,1,1
920091962266521600,"#MeToo About me being a heavy sleeper and him having a Somnophilia fetish. He said he didn't do anything, but he admitted he could have",1,1,1
920063675435589632,"Because whenever I confront a #DudeBro for aggressively hitting on me in public I'm called rude"" #MeToo""",1,1,1
920067883421655041,"Once a guy said he “liked my dress”, so he followed me to work. Luckily I was in a high population area. Could have been way worse. #metoo",1,1,1
920179469779918848,"That asshole who groped my butt walking by, that guy who called me „Fat Pussy“, the guy that rubbed his junk on my ass at a concert. #MeToo",1,1,2
920418834523283457,Raped and sexually assaulted as a child...you will heal.. Speak out.. #Metoo,1,1,3
922033814846636032,"If you go home with a guy and realize you’re uncomfortable with the situation and say no, stop, but he doesn’t stop? It’s still rape. #metoo",1,1,3
923342974284595201,I’m a male and I was sexually assaulted when I was 14. #MeToo,1,1,3
919946396169621504,Tweet #METoo if you have ever been subjected to sexual harassment in the workplace.,1,1,2
919872979084959745,It was my fault. What's the hashtag for admitting that I was part of the problem? #MeToo,1,3,
923995977622491136,"I wanted to vomit from fear, as I watched his hand reach for my breast ... #MeToo",1,1,2
919889683991154688,I was 12. #MeToo https:// twitter.com/Alyssa_Milano/ status/919659438700670976 …,1,1,3
920826410348015616,Because I have to live with it everyday. Because it affects my grades/health/work/relationships. #MeToo,1,1,2
920091085015171073,"So we're clear, #metoo in the film industry, but also me too in academia, service industry, & retail. also me too at christian middle school",1,1,1
920902377326002176,"He was my aunty’s husbands father, my cousins grandfather. & all tho he is dead, nothing will take away the memories. #Metoo for u sistr",2,,
921817045720633344,"Bill O'Reilly is trending, WHY ISN'T HE DEAD? Hey @BillOReilly why aren't you dead? #BillOReilly #MSNBC #CNN #FoxNews #SexualPredator #MeToo",1,3,
919939027004022785,#MeToo when I was 15 a male friend was 20. He got me in a secluded area and tried to rape me. I was lucky and got away.,1,1,3
920370622785642496,The latest The wolfsrebellen Daily! https:// paper.li/wolfsrebellen? edition_id=29b4f190-b371-11e7-a385-0cc47a0d1605 … Thanks to @upperbavarian @warriorhb @MarcusKoenig #metoo #handelsblatt,2,,
920921399904129024,Dear white women- please use your #metoo as an impetus to become an advocate for POC & LGBTQ women.,1,3,
919985708269309952,"I spent long years of my life feeling guilty and ashamed for a crime I didn't commit. I was 8. For all the children out there, #MeToo",1,1,3
920760967994241026,#metoo when men told me I’m a whore for telling them no,1,1,1
920035838955851776,"I have been stalked for months and nothing can be done because he's never presented any real risk"" even though I don't feel safe. #MeToo""",1,1,2
920099698958131200,My perpetrator told me he wanted to give me his purity necklace after he assaulted me. #MeToo,1,1,2
919851140165939200,"It still feels disgusting to recall that unauthorised touch. It is my body for me to celebrate, not theirs to violate. #MeToo",1,1,2
920864796676841473,I was 15. A boy slapped my butt in the hall at school. I cried and asked him why&he told me it was my fault for wearing skinny jeans. #MeToo,1,1,2
919935565516087296,"I thought like 'Me? It never happened to me.' - because I've only"" been harassed and groped. As if that's normal. #metoo""",1,1,2
919932404462243840,#MeToo the first time u was cat called was in 8th grade by a 7th grade boy. I was too embarrassed to tell my parents or school.,1,1,1
920026056643481600,"Instead of women having to say they were raped or sexually assaulted, how about men say if they were the ones that did it. #metoo",1,3,
919998371892482050,The #MeToo covers up what has actually goes on everywhere. But we must talk about pedophilia too. Why aren't we standing up for children?,1,3,
921186371469004801,"You should checkout my book satire for men, which women have been waiting for! https:// youtu.be/98aW2wNJteM #MeToo",1,2,
920316711273984001,"So no one is allowed to ask a woman out or make a compliment on a woman's looks cause she may scream harassment? #THEVIEW , #METOO",1,3,
922308400112979968,A few years ago an unattractive man asked me how my day was going. Since I didn't know him it violated the sanctity of my being. #metoo,1,1,1
922133089530384385,Are muslim men excluded and immune for this sexual harrassment call?Because for muslim men this is call from Koran to behave as pigs #metoo,1,3,
921023013071364096,@Alyssa_Milano #MeToo 7 years of abuse. 5years of age until 12 years of age. I am a survivor. I want to help.,1,1,3
920102494222548992,"#metoo . By a boss, a co-worker, a cop, a boyfriend, random jerks on the street, and so on.",1,1,1
919908075640942594,"I am male, but am adding my voice 2 show that sexual assault & abuse is so rampent it crosses all boundaries. Happens when I was 5. #MeToo",1,1,3
920415506154131456,"To feminists using this hashtag as a cudgel to attack men, allow me to present the following... #MeToo https://www. scientificamerican.com/article/sexual -victimization-by-women-is-more-common-than-previously-known/ …",1,2,
919954922241748992,Dudes should call out their peers who are perpetrators instead of women telling each other to confess some horrible shit publicly? #metoo,1,3,
920040196741230593,#metoo Paris when I was 16 heading to visit my pen friend. Norfolk when I was 22 being expected to 'earn' some bar work. Others I can't say.,1,1,1
920386835376984064,"Do other people log the appearance of oncoming men in their brains, in case they get attacked and need to identify the person? #MeToo",1,3,
919892268269654016,"When working at #menards I was constantly told to smile more by my male co workers, was given unsolicited shoulder rubs and asked if I was on welfare when pregnant. #MeToo",1,1,2
920347892656820224,Sister just got harassed @sainsburys by a staff member. Wouldn't stop trying to chat her up even though she ignored. Was intimidated #metoo,1,1,1
924753709921439744,"#metoo So, please, ask your friends who live in Manhattan (New York County) to abstain from casting a vote for Cy @ManhattanDA Vance Nov 7",2,,
920740506602053634,"I cant acknowledge the  MeToo "" trend as you are again victimising yourself therefore giving the abuser the power they had over you once more""",1,2,
921880750445690880,The latest BCSBookNews and Reviews! https:// paper.li/bobann/1425659 296?edition_id=73b98d20-b6b7-11e7-8999-0cc47a0d1609 … #trump #metoo,2,,
923984674493476864,I’m sharing my #MeToo . I voted for Republicans b/c they promised to R&R Obamacare. They didn’t! I feel violated. #MeTooCongress,2,,
921775593036886017,Q6 Where can I go to get help? #SexualAssault #MeToo #PeriGirlsChat question from @charlenedwinley pic.twitter.com/55m3qCUkGc,1,3,
923104508292382720,I was stalked on @TfL even though I was paying attention to my surroundings #MeToo pic.twitter.com/rvVlVhmcfR,1,1,2
919916709817016320,"So, am I to understand the #MeToo hashtag signifies victims of child sex abuse?...",1,3,
924662869823811584,woman as pattern on website #streetart #woman #metoo #art #contemporaryart #drawing #kitten #style Have a nice day https:// buff.ly/2lqrB1m pic.twitter.com/QaxpESEX9q,2,,
919933423543873536,"one girl couldn't take her eyes off me, she followed me about,felt I was being stalked, I felt traumatized #metoo",1,1,1
919877073295966209,"Maybe if you majored in Engineering instead of Gender Studies you wouldn't be out being shady, instead of studying. #MeToo",1,2,
920696932871430146,Even when I was pregnant I was sexually harassed by my boss but I needed the job. #metoo,1,1,2
920071803879546881,#MeToo – 17 – Boss taking too much of a liking to me – shoulder touching to back… thankfully.....,1,1,2
919940080806055936,I WAS FIRED! #MeFuckingToo #MeToo The ass grab was nice though.,1,1,2
924193221722460161,"It's even worse, because I'm trans & they could tell. Safe to assume they weren't following me to ask me out for a lovely evening. #MeToo",1,1,2
924687244782321664,"I'm encouraged by signals, from MeToo to the black legging fad, that feminine humanity is at a tipping point in the long arc of the story",1,2,
923801415075680256,What are the rules for the behaviour of women in the public sphere? #MeToo What is the basis of those rules? #Discuss,1,3,
921999127956815872,"If I may say, all victims're shamed, not believed, not only women. Abusers make female & male victims. Isn't it unfair to ban males ? #metoo",1,3,
919890479247970304,"As a defense contractor, nearly lost my job for telling my employer about a civilian government employee harassing me. #metoo",1,1,2
921117046401880065,Odd man just called me a bitch as I am just walking along #YesAllWomen #metoo #hatecrime,1,1,1
920724361572532224,"I won’t be silent any more. A television exec assaulted me, the specific power dynamics of this industry aid & abet men like him. #metoo",1,1,3
919970512679272449,#MeToo #I was 14 when construction workers catcalled me in a crossing walk beside my middle school. I spent that day enveloped by shame.,1,1,1
920087192923508736,"I've been grabbed twice by guys on my way home from dance, cat called, been smacked in the ass by men carts at work (on purpose duh) #MeToo",1,1,1
920838433966252032,So today some man contacted me through my etsy shop in order to send me a perverted fantasy of his. #metoo,1,1,1
920318154818985984,“Me too. My boss used to call me a ‘good girl’ when I did my job right. At the White House.” #metoo #metootv @cnast_ https://t.co/opcYSbo5ec,1,1,1
922278918274633729,Turn my notifications Follow everyone who retweets and likes this #TrapaDrive #MeToo #MGWV #IFB,2,,
920089677578866688,"Because he went around bragging that he got what he wanted anyway"" when I dumped him. #MeToo""",1,1,1
921293833710776320,"Today a man said You should be used to that by now""No.I will never become accustomed to catcalling and unwarranted sexual comments #MeToo""",1,1,1
923185928449003520,Like USA or GB for instance where thousands are now able to say #MeToo for the first time in their lives yet are still doubted,2,,
919855283190583296,#MeToo Catcalling. Comments on my boobs. Being grabbed on a high street and forcibly kissed. No one stopped to help despite my yelling.,1,1,1
920124979525640192,"I entered a giveaway for a chance to win  #MeToo with Me Too Hand Sign T-Shirt on Amazon. https:// giveaway.amazon.com/p/bb4fbbd41a71 d3c9/?ref_=tsm_4_tw_p_tw … #giveaway""",2,,
922145523733352449,Law firms are Rife with this kind of abuse. Senior Partners & senior Associates abusing female subordinates. Happens all the time. #MeToo,1,1,2
920001157077934080,I was only 5 and it still haunts me to this day. I'm 18 now... #MeToo,1,1,3
920413958519083013,I had to hit someone to get him to stop touching me after I had repeatedly told him to stop. He said my legs 'were just so meaty' #MeToo,1,1,2
920234477519101953,I got fired because a stupid slut at my job claimed I exposed myself to her after I refused to lend her money #MeToo #blackmail,1,1,2
920153139210108930,insta bots for micro-influencers targeting a #MeToo post with ambiguously positive emoji comments is the most cynical of gambits.,2,,
920648463368499201,The latest Best of Today's News! https:// paper.li/sydwrite/13602 77474?edition_id=65e42560-b40b-11e7-8bb0-0cc47a0d1609 … #metoo #manbooker2017,2,,
921183949086322688,Why do women think it's ok to grope guys? #metoo #herthough,1,3,
921445535738765312,"Wen women speak up abt sexual assault, they get the blame, not men. 'Why didn't we stop them earlier? At workplace or within family. #MeToo",1,3,
920227859037290497,"Dear #women, can we please stop with all this ##MeToo nonsense now https://t.co/WsH6wXIXKE #socialbuzz #askingforit",1,2,
919950294825320448,"How about that time the lead singer from Bastille grabbed me and forced his mouth on me, twice, without consent even when I said no? #MeToo",1,1,2
920306926067466241,#MeToo because when I told my bosses about being sexually harassed/assaulted at work I was threatened to be fired if I didn’t shut up,1,1,2
923180564034682885,#MeToo Work-Related #Harassment can develop in many layers which are often missed. #AbuseofPower #Retaliation #LawEnforcement,1,3,
919963682435751943,"I was assaulted at worked, fired the next day. I was so young, I was too stunned to tell anyone #MeToo #ItHappenedtoMe",1,1,3
919955076894154753,"Looking for any GOP / Conservative woman on the #metoo hashtag. Unfortunately, I haven't found a single one. Anyone?",1,3,
920235448311603200,#MeToo I was 12 when a man cat called me for the first time. It's not sexy. It's disgusting. It didn't make me feel 'hot'. I was terrified.,1,1,1
920025183167156224,Innit. Nearly every #metoo post I’ve seen has a man complaining they’re being unfairly maligned in it.,1,3,
919977901352734721,"He said I looked tired and started rubbing my shoulders. Told him to stop, but he kept on touching me #metoo",1,1,2
923656539835047936,"Hey @TheEllenShow , you can stare at my junk all day long."" I love bull-dykes!!! #doublestandard #hypocricy #practicewhatyoupreach #metoo""",1,2,
919952894518063106,@Alyssa_Milano needs to change #metoo to #Iknew,1,3,
920084941148364802,my favorite part of #metoo is all the men writing posts about not wanting to make it about them and then absolutely making it about them,1,3,
919857229897093121,"#metoo . Police officer. College professor. First lawyer I contacted for my case told me he thought the story of my rape was, “hot.”",1,1,2
919990587767398401,"Unless you were sexually assaulted, don't #MeToo Unless you're protesting police brutality against POC, don't #TakeAKnee PLEASE.",1,3,
920029089179820033,"4)They talked me out of making a report, they kept me quiet. I was petrified. We need to demand better for victims EVERYWHERE. #MeToo",1,1,1
919949081044070402,#MeToo is good . But feminism can only succeed when all women have resources to be tech savvy and support structure to speak up.,1,3,
920744672280088576,"#MeToo *Counts..* *Gives up* Welcome to the Orient The stricter a society, the more fucked up it is Stop importing these creeps as migrants.",1,3,
920827504692260864,#metoo should not be only for women. That's being ignorant to think that only girls and women are sexually abused. It's almost 50/50. https:// twitter.com/tricolore/stat us/919987219213045760 …,1,2,
919901247712452609,"gave me inappropriate gifts (a $10000 Superman comic that was promptly stolen), fancy dinners, & backrubs in the office. #metoo 2/",1,1,2
924396769496256512,Interesting observation: #metoo is all over social media with the exception of LinkedIn. No one dares.,1,3,
920336491041173505,#MeToo #MoiAussi A boy who attempt to kiss me,1,1,2
920264928388317185,"I once saw a nurse take my Jello out of my Hospital tray and give it to her son on Take your kid to work day""....Nasty, Nasty Nurse. #metoo https:// twitter.com/chelslynne_k/s tatus/920129759782334465 …""",2,,
920352197535256576,"One tweet is a hashtag MeToo .. next tweet  who wants to be in a gangbang!! At least 50 women replying oh please pick me pick me""",1,2,1
919982963701325824,"If you're a #MeToo then you know #WhySexEd is important, and you have got to see the @NEMOamsterdam http://www. scarymommy.com/sex-education- netherlands-surpasses-us/ … @ScaryMommy",2,,
920384628392726528,I'd never had sex before but when I started crying &amp; asked him to stop he ignored me &amp; kept going until he was finished. #metoo,1,1,3
920305378071666688,"I woke to find him bending my arm for his own pleasure, what happened next I’ll never forget. I lost my best friend. I lost myself #MeToo",1,1,2
919875901298565121,@handy #handy ignored my complaints about one of their employees harassing and assaulting me since I was merely perceived as a hor. #metoo,1,1,2
921090842126888961,#metoo In every work place sexual advances have happened and they felt they had the right since they were the boss of me.,1,1,2
919916473702895617,I experience sexual harassment regularly &it doesn't get any easier to respond to. Back in January I had a run-up that shook me #MeToo (3/?),1,1,2
920266987355430913,Fusionmarx is out! https:// paper.li/fusionmarx/139 7597708?edition_id=a2efb0c0-b337-11e7-8823-0cc47a0d164b … #givingtuesday #metoo,2,,
920099460813766657,#MeToo 3 times before I was 10. By people I was supposed to be able to trust. Why me is a question I ask myself every day. I'm 39.,1,1,2
923629996157161473,#TrapaDrive #MGWV #MeToo #1DDrive Retweet Follow everyone Follow back #NaijaFollowTrain #GainWithXtianDela IFB,2,,
920420057355837443,Served tables in college. Touched in managers office by a customer. Manager saw and never said a word. #SilenceIsComplicity #metoo,1,1,2
